business_id,Adequate,Good,Needs_Improvement,Poor
19,0,2,0,0
24,0,3,0,0
31,0,1,0,0
45,1,0,3,0
48,0,1,0,0
54,1,1,0,0
56,2,1,0,0
58,0,0,1,1
61,0,4,0,0
66,0,4,0,0
67,2,1,1,0
73,1,1,1,0
76,0,3,0,0
77,0,3,0,0
80,0,2,0,0
81,0,2,0,0
88,1,1,1,0
95,2,1,1,0
98,0,3,0,0
99,0,0,2,0
101,1,1,0,0
102,0,2,1,0
108,0,1,0,0
116,0,1,1,0
121,2,0,0,0
125,1,1,0,0
134,0,2,0,0
140,1,0,2,0
141,0,2,0,0
146,0,1,2,0
151,1,1,0,0
155,1,1,1,0
164,1,1,1,0
180,2,2,0,0
184,0,1,0,0
187,1,2,0,0
190,0,3,0,0
192,2,0,0,0
194,0,0,2,0
198,0,4,0,0
200,2,1,0,0
208,1,2,0,0
216,0,2,0,0
217,1,4,0,0
226,0,0,1,0
231,2,0,0,0
236,0,2,0,0
239,1,0,1,0
240,0,0,1,1
247,1,0,1,0
251,0,1,0,0
253,0,4,0,0
256,1,2,0,0
268,0,3,0,0
272,0,0,1,0
273,0,0,3,0
275,0,3,0,0
276,0,3,0,0
279,1,3,0,0
281,0,1,0,0
283,0,0,2,0
286,0,0,3,0
290,1,0,0,0
298,2,1,1,0
299,0,3,0,0
300,1,0,0,1
302,1,0,1,1
305,2,0,0,0
315,2,2,0,0
318,0,3,0,0
320,0,0,2,1
323,0,2,0,0
326,0,0,2,0
328,1,0,1,0
337,1,0,0,0
379,0,0,2,0
384,0,1,1,0
386,1,0,2,0
389,0,1,0,0
393,1,0,2,0
397,0,2,0,0
400,0,1,0,0
403,1,0,2,0
409,0,1,1,0
413,0,0,1,0
415,1,1,0,0
420,0,0,2,0
421,1,0,0,0
422,0,2,0,0
423,0,0,2,0
424,2,0,1,0
428,0,3,0,0
429,1,0,1,0
431,0,1,0,0
435,0,2,0,0
436,1,0,1,0
438,2,0,1,0
442,2,0,1,0
443,0,2,0,0
447,1,2,0,0
448,1,0,1,0
462,0,2,0,0
463,1,0,1,0
470,1,1,0,0
473,1,1,0,0
475,2,0,0,0
477,2,1,0,0
479,1,0,0,0
480,1,0,1,0
483,0,2,0,0
484,0,1,0,0
485,0,2,0,0
486,1,1,0,0
488,1,1,0,0
489,0,0,4,1
494,0,1,1,0
496,0,2,0,0
500,2,0,0,0
502,0,3,0,0
505,2,1,0,0
507,2,1,1,0
509,1,0,1,0
510,3,0,0,0
519,0,1,1,0
520,0,1,0,0
522,1,4,0,0
527,1,0,2,0
529,2,0,0,0
538,2,0,1,0
539,1,3,0,0
542,1,0,2,0
544,0,0,2,0
547,0,3,0,0
551,0,0,3,0
552,2,0,1,0
557,1,0,2,0
562,0,1,0,0
573,2,2,0,0
580,0,5,0,0
587,0,1,0,0
588,1,1,2,0
589,0,0,2,0
591,0,0,1,0
606,1,0,1,0
610,0,1,0,0
615,1,2,0,0
619,3,1,0,0
625,1,1,0,0
627,0,1,0,0
628,1,0,1,0
631,0,1,0,0
639,0,4,0,0
642,0,2,0,0
645,0,2,0,0
659,2,0,1,0
665,1,0,1,0
670,3,0,0,0
691,1,1,1,0
695,0,4,0,0
703,0,0,0,2
709,1,0,2,0
726,0,0,2,0
741,0,0,1,0
744,1,3,0,0
754,0,1,0,0
758,0,2,0,0
765,1,0,1,0
768,1,1,0,0
773,0,2,0,0
774,1,0,0,0
782,0,3,0,0
786,0,1,1,0
792,1,2,1,0
795,0,4,0,0
798,1,1,1,0
799,0,3,0,0
811,0,2,0,1
816,1,0,1,0
821,0,0,1,0
824,0,0,3,0
826,1,1,1,0
827,0,0,2,0
830,0,0,3,0
835,1,0,2,0
840,1,0,1,0
845,0,1,0,0
847,1,0,0,0
852,0,0,3,0
854,0,0,1,0
856,0,3,0,0
874,0,2,1,0
876,0,0,2,0
880,1,0,1,1
884,1,1,2,0
886,0,2,0,0
891,0,2,2,0
892,1,0,1,0
902,0,2,0,0
903,2,1,0,0
905,0,3,0,0
911,0,2,0,0
917,0,2,0,0
919,0,3,0,0
920,0,3,0,0
929,0,1,0,0
935,1,2,1,0
941,0,2,0,0
943,1,0,1,0
949,0,3,0,0
950,0,2,1,0
951,1,1,0,0
952,3,0,0,0
961,0,3,0,0
966,1,0,0,0
972,1,0,2,0
984,1,0,0,0
985,0,0,1,1
994,1,2,0,0
999,0,1,3,0
1000,0,0,3,0
1002,3,0,1,0
1003,2,1,0,0
1005,0,0,3,0
1008,1,2,0,0
1018,0,1,1,0
1021,1,2,0,0
1026,2,0,0,0
1031,0,0,1,0
1036,1,0,0,0
1042,0,3,0,0
1043,1,1,0,0
1047,0,0,2,0
1048,1,2,1,0
1065,0,0,2,0
1075,3,0,0,0
1081,2,1,1,0
1085,0,2,0,0
1090,0,2,1,0
1103,0,4,0,0
1111,2,1,0,0
1116,1,2,0,0
1122,1,3,0,0
1124,1,0,1,0
1125,0,2,0,0
1127,0,2,0,0
1135,1,1,0,0
1139,0,0,2,1
1144,2,0,2,0
1146,0,0,1,0
1147,0,5,0,0
1151,2,1,0,0
1154,1,0,2,0
1156,0,3,0,0
1159,1,0,1,0
1188,0,1,0,0
1191,0,2,0,0
1193,0,1,1,0
1194,0,3,0,0
1199,2,1,0,0
1203,0,2,1,0
1204,0,3,0,0
1207,0,0,1,1
1219,0,1,0,0
1231,1,0,2,0
1232,0,3,1,0
1241,2,1,0,0
1243,1,2,0,0
1249,0,0,4,0
1259,0,1,0,0
1261,4,1,0,0
1262,2,0,0,0
1263,0,2,0,0
1265,0,2,0,0
1269,0,2,0,0
1274,0,0,3,0
1289,1,1,2,0
1294,1,3,0,0
1296,1,0,2,0
1300,0,0,2,1
1318,1,0,2,0
1322,1,1,0,0
1323,0,2,0,0
1332,2,0,0,0
1337,2,0,2,0
1339,2,1,1,0
1341,1,2,0,0
1344,0,2,0,0
1345,0,0,3,0
1347,0,1,2,0
1350,0,0,3,0
1351,0,2,0,0
1352,3,0,1,0
1354,0,2,0,0
1358,1,0,1,0
1359,0,2,0,0
1362,1,1,1,0
1366,2,0,1,0
1368,0,3,0,0
1381,1,1,2,0
1389,1,0,1,0
1396,0,1,1,0
1398,0,1,0,0
1399,0,4,0,0
1409,0,2,0,0
1413,0,2,0,0
1426,0,0,1,2
1427,0,0,1,0
1434,0,4,0,0
1438,2,2,0,0
1442,0,1,1,0
1444,0,4,0,0
1452,2,0,0,0
1454,0,2,0,0
1465,2,2,0,0
1466,0,2,0,0
1469,0,4,0,0
1482,1,0,1,0
1486,0,1,0,0
1487,0,2,1,0
1493,0,3,0,0
1496,0,1,0,0
1505,0,3,0,0
1508,1,1,1,0
1509,1,0,0,0
1515,0,5,0,0
1516,2,5,0,0
1517,1,5,1,0
1520,0,3,0,0
1526,0,0,2,1
1527,1,0,1,0
1529,0,3,0,0
1532,0,3,0,0
1534,1,1,0,0
1542,0,0,1,0
1544,0,3,0,0
1549,1,2,1,0
1555,0,3,0,0
1564,0,3,0,0
1565,1,1,1,0
1566,1,0,3,0
1567,1,0,0,0
1568,1,1,1,0
1571,1,0,1,0
1579,2,2,0,0
1582,0,0,2,0
1584,1,0,2,0
1594,1,0,2,0
1595,0,3,0,0
1596,1,1,1,0
1598,1,1,2,0
1607,1,1,0,0
1608,0,3,0,0
1609,0,0,3,0
1613,0,1,1,0
1614,0,3,0,0
1615,0,2,0,0
1617,0,0,1,1
1619,0,2,0,0
1626,0,2,0,0
1631,0,0,3,0
1632,0,5,0,0
1635,0,2,0,0
1641,0,0,3,0
1649,1,2,0,0
1652,0,2,0,0
1664,1,3,0,0
1668,0,2,0,0
1671,3,0,0,0
1672,1,1,0,0
1673,0,0,1,0
1674,2,2,1,0
1677,1,0,0,0
1685,2,0,1,0
1687,0,3,0,0
1692,0,0,2,0
1699,0,2,0,0
1700,1,0,0,0
1702,0,0,2,0
1703,1,1,0,0
1710,3,0,0,0
1712,1,1,0,0
1724,1,0,1,0
1726,0,3,0,0
1727,3,1,0,0
1734,2,0,2,0
1741,1,1,1,0
1742,1,0,1,0
1753,1,0,1,0
1754,2,0,2,0
1757,1,0,3,0
1764,0,2,0,0
1768,2,1,1,0
1777,0,0,1,0
1778,0,2,0,0
1784,1,1,0,0
1788,2,0,1,0
1791,2,0,0,0
1792,2,2,0,0
1796,0,0,3,0
1797,2,0,2,1
1798,0,2,0,0
1800,0,1,2,0
1810,1,0,0,0
1811,0,5,0,0
1813,1,1,1,0
1815,0,1,1,0
1823,3,0,0,0
1829,0,1,1,0
1830,1,0,2,0
1831,1,1,0,0
1832,1,0,1,0
1833,0,0,2,1
1837,0,0,2,0
1843,0,0,2,1
1844,0,1,0,0
1850,0,1,2,0
1852,2,1,0,0
1854,2,1,0,0
1856,0,0,3,0
1865,0,4,0,0
1866,0,3,0,0
1867,1,1,0,0
1870,0,0,2,0
1880,0,0,1,0
1882,2,1,0,0
1894,1,1,0,0
1896,1,0,1,0
1903,2,0,0,0
1912,1,0,1,0
1921,0,0,2,0
1922,2,0,1,0
1926,1,0,2,0
1927,0,2,0,0
1930,1,0,2,0
1931,1,1,0,0
1932,2,1,0,0
1936,1,2,1,0
1939,0,3,0,0
1949,0,1,0,0
1950,3,0,0,0
1952,1,2,0,0
1954,2,1,0,0
1959,0,0,1,0
1963,1,1,0,0
1968,0,0,1,0
1970,3,0,0,0
1972,1,0,1,0
1973,2,0,0,1
1977,1,1,0,0
1978,0,0,3,0
1983,0,2,0,0
1989,0,2,0,0
1991,1,2,0,0
1992,0,0,2,1
1994,0,3,0,0
2002,2,3,0,0
2004,1,0,1,1
2008,3,0,1,0
2012,1,0,1,0
2016,0,2,0,0
2017,1,2,0,0
2020,0,2,1,0
2027,0,0,2,0
2031,2,0,0,0
2032,1,0,1,0
2035,0,0,1,1
2039,0,1,1,0
2040,0,0,1,0
2044,0,2,0,1
2047,2,1,0,0
2050,1,1,0,0
2051,1,1,0,0
2053,1,2,0,0
2054,0,2,0,0
2057,2,0,0,0
2061,0,1,0,0
2063,2,0,1,0
2066,2,0,2,0
2070,0,0,1,0
2072,1,2,0,0
2077,0,2,1,0
2085,1,0,2,0
2094,0,3,0,0
2104,0,0,3,1
2106,0,2,0,0
2107,0,3,0,0
2109,0,0,2,0
2110,1,0,1,1
2115,0,1,1,1
2117,0,3,0,0
2124,0,1,0,0
2127,1,0,2,0
2131,0,3,0,0
2132,0,0,1,0
2134,3,0,0,0
2135,0,0,2,0
2136,0,2,0,0
2143,1,1,0,0
2144,0,1,1,0
2145,1,0,1,0
2152,1,0,1,0
2156,1,1,1,0
2168,2,2,0,0
2172,0,0,2,0
2175,0,2,0,0
2189,0,0,3,0
2216,0,0,4,0
2218,0,2,0,0
2223,0,0,4,0
2226,0,0,1,0
2228,0,1,1,0
2233,1,0,1,0
2234,0,0,3,0
2240,0,0,2,0
2243,0,1,0,0
2244,0,2,0,0
2245,0,2,0,0
2249,3,0,0,0
2252,0,2,1,0
2256,1,0,1,0
2261,0,3,0,0
2262,0,3,0,0
2263,0,0,1,2
2266,2,1,0,0
2274,0,2,0,0
2279,0,3,0,0
2280,0,0,2,0
2282,1,0,1,0
2292,1,0,2,1
2293,0,1,0,0
2299,0,2,0,0
2305,2,0,0,0
2315,1,0,3,0
2317,0,4,0,0
2318,1,2,0,0
2323,1,1,0,1
2325,0,0,1,2
2326,1,0,1,1
2331,0,0,1,1
2334,3,0,0,0
2335,0,3,0,0
2336,3,0,1,0
2337,3,1,0,0
2343,0,4,0,0
2347,1,1,1,0
2352,1,3,0,0
2356,3,1,1,0
2357,1,0,1,3
2358,2,0,2,0
2359,1,0,0,1
2360,1,2,0,0
2369,2,0,0,0
2374,0,0,2,0
2384,2,1,0,0
2385,0,3,0,0
2387,0,0,1,0
2397,0,0,2,1
2407,0,1,1,0
2409,0,2,0,0
2418,1,0,4,0
2420,0,5,1,0
2421,2,0,3,0
2427,5,0,0,0
2428,1,0,3,0
2433,0,4,0,0
2437,0,0,2,0
2447,0,3,0,0
2453,0,0,0,2
2454,3,0,1,0
2455,0,4,0,0
2469,0,2,0,0
2472,0,2,0,0
2483,0,4,0,0
2495,0,3,0,0
2497,1,1,1,0
2501,0,2,0,0
2505,0,3,0,0
2507,0,1,0,0
2519,1,0,1,0
2523,2,1,0,0
2535,0,2,0,0
2538,0,1,1,0
2542,0,0,2,1
2544,0,0,3,0
2548,1,0,1,0
2553,1,1,0,0
2555,0,3,0,0
2559,1,1,1,0
2561,0,1,0,1
2578,0,3,0,0
2580,1,0,1,0
2588,0,2,0,0
2589,0,3,1,0
2592,2,1,0,0
2593,0,0,1,0
2596,1,0,1,0
2597,0,3,0,0
2599,0,0,2,0
2601,0,3,0,0
2609,0,0,1,0
2610,2,2,0,0
2615,1,1,0,0
2619,0,0,1,0
2620,0,2,0,0
2622,0,0,1,2
2627,2,0,0,0
2632,3,2,0,0
2638,1,0,2,0
2643,2,1,1,0
2646,2,1,0,0
2648,1,0,1,0
2649,2,0,1,0
2659,0,0,4,0
2664,1,0,2,0
2667,0,2,1,0
2676,0,2,0,0
2684,0,0,2,0
2689,0,4,1,0
2690,0,5,0,0
2692,1,2,2,0
2697,1,0,1,0
2709,1,1,1,0
2716,1,0,1,1
2717,0,0,2,0
2721,0,0,3,0
2724,1,2,1,0
2725,1,2,0,0
2731,1,1,0,0
2733,0,2,0,0
2737,1,0,1,0
2739,3,0,1,0
2743,1,0,1,0
2749,1,4,0,0
2750,0,1,1,0
2755,1,0,1,0
2756,0,3,0,0
2758,1,0,0,0
2759,2,0,0,0
2764,1,0,1,1
2766,0,0,2,1
2767,0,1,1,0
2768,0,3,0,0
2777,0,2,0,0
2778,0,1,1,0
2785,0,0,2,0
2788,2,0,0,0
2797,2,0,3,0
2798,2,0,1,0
2799,0,1,0,0
2805,0,2,0,0
2807,1,0,2,0
2808,0,0,3,0
2809,0,1,0,0
2810,0,3,0,0
2818,0,3,0,0
2823,0,2,0,0
2826,0,0,1,0
2829,0,1,0,0
2836,1,2,0,0
2837,0,2,0,0
2840,0,3,0,0
2841,2,1,0,0
2842,0,0,1,0
2843,0,2,0,0
2849,1,1,1,0
2854,0,0,1,1
2858,2,0,0,0
2861,0,4,2,0
2862,0,1,2,0
2863,1,1,1,0
2866,0,2,1,0
2869,0,4,0,0
2870,0,0,2,0
2871,0,2,0,0
2883,1,0,1,0
2884,0,3,0,0
2885,0,0,1,0
2893,1,0,1,0
2898,0,1,1,0
2899,1,1,0,0
2902,1,0,2,0
2907,0,1,1,0
2917,2,1,0,0
2919,0,2,1,0
2920,0,3,0,0
2922,0,2,1,0
2924,0,3,1,0
2925,2,1,0,0
2926,2,0,1,0
2928,0,3,0,0
2929,0,2,0,0
2932,1,1,0,0
2933,2,0,1,0
2934,2,1,0,0
2941,1,0,1,0
2942,1,1,0,0
2943,1,0,2,0
2945,0,1,2,0
2949,1,2,0,0
2950,0,0,2,0
2952,1,3,0,0
2955,1,0,2,0
2957,0,3,0,0
2967,0,2,0,0
2970,0,3,0,0
2971,0,2,0,0
2972,1,1,1,0
2973,1,1,0,0
2974,2,1,1,0
2978,1,2,0,0
2980,2,1,0,0
2987,1,1,0,0
2995,0,0,3,0
2996,1,0,0,0
3006,1,0,1,0
3014,1,1,1,0
3016,0,0,3,2
3019,2,1,0,0
3025,1,0,1,0
3029,0,0,1,1
3031,0,2,2,0
3032,0,3,0,0
3038,0,0,3,0
3043,1,1,0,0
3046,0,2,0,0
3048,0,1,3,0
3050,1,0,0,0
3053,2,0,0,0
3054,1,2,0,0
3055,1,1,0,0
3056,0,2,0,0
3059,1,1,0,0
3061,0,3,0,0
3065,0,0,3,0
3070,0,0,2,0
3072,0,1,0,0
3073,0,1,0,1
3076,1,1,1,0
3082,1,0,3,0
3084,2,0,1,0
3090,0,0,2,0
3091,0,2,0,0
3095,0,1,2,0
3102,1,0,0,0
3111,2,1,0,0
3112,0,1,2,0
3114,2,0,1,0
3115,0,0,1,2
3116,0,1,0,0
3118,0,2,0,0
3120,1,1,1,0
3121,2,0,0,0
3122,1,0,2,0
3129,0,1,0,0
3133,0,0,2,0
3134,0,0,2,0
3151,0,0,1,1
3155,0,1,1,0
3160,3,0,2,0
3161,2,2,0,0
3165,1,0,3,0
3167,0,0,2,1
3174,0,0,1,0
3183,0,1,0,0
3185,0,1,1,0
3186,0,3,0,0
3189,1,0,1,0
3190,0,2,0,0
3196,3,0,0,0
3200,1,1,0,0
3206,1,0,2,0
3207,0,3,0,0
3210,1,3,0,0
3211,0,0,3,0
3216,1,1,1,0
3217,0,0,1,0
3218,1,0,1,0
3221,1,0,1,1
3222,1,0,2,0
3228,0,1,0,0
3229,0,0,3,0
3237,0,0,2,1
3241,2,0,1,0
3248,1,1,0,0
3252,2,1,0,0
3253,2,2,0,0
3256,1,2,0,0
3260,0,4,0,0
3262,1,1,0,0
3263,0,2,0,0
3265,0,4,0,0
3267,0,2,1,0
3272,1,1,0,0
3280,1,0,0,0
3285,0,0,3,0
3286,1,0,1,1
3289,0,0,1,0
3296,1,3,0,0
3300,0,2,0,0
3302,0,1,0,0
3304,2,0,0,0
3309,2,0,0,1
3316,1,0,0,1
3317,1,1,1,0
3323,0,3,0,0
3324,1,1,0,0
3325,0,1,2,0
3328,0,1,0,0
3329,1,2,0,0
3331,0,1,1,0
3335,0,1,2,1
3337,1,0,2,0
3338,1,0,0,0
3343,0,3,0,0
3345,0,0,1,0
3350,0,3,0,0
3365,1,1,0,0
3373,0,1,1,0
3374,0,3,0,0
3392,0,3,0,0
3393,0,2,0,0
3394,1,1,0,0
3397,1,1,0,0
3403,1,2,0,0
3405,0,0,2,0
3409,0,0,3,0
3414,0,2,0,0
3420,0,1,1,0
3424,0,2,0,0
3428,0,3,0,0
3429,2,1,0,0
3431,0,2,0,0
3433,2,0,0,0
3437,2,1,0,0
3439,0,3,0,0
3440,0,2,0,0
3443,3,0,0,0
3444,1,2,0,0
3445,1,0,2,0
3446,0,2,0,0
3456,0,0,1,0
3459,0,0,2,1
3476,2,0,0,0
3477,0,2,1,0
3478,0,3,0,0
3481,1,0,1,0
3482,0,2,2,0
3484,0,1,0,0
3485,1,0,2,1
3488,1,0,0,0
3490,0,1,1,0
3491,1,1,0,1
3492,0,4,0,0
3495,0,2,1,0
3496,0,3,0,0
3497,1,2,0,0
3498,0,3,0,0
3503,0,3,0,0
3504,1,3,0,0
3510,0,0,1,1
3515,0,3,0,0
3518,0,3,0,0
3519,0,3,0,0
3520,0,1,0,0
3522,0,1,2,0
3524,0,2,0,0
3525,0,2,0,0
3529,0,1,2,0
3536,1,1,0,0
3538,0,1,0,0
3543,1,1,1,0
3547,1,2,0,0
3550,1,0,1,1
3557,1,0,0,0
3561,0,1,0,1
3562,1,1,0,0
3566,2,0,1,0
3571,0,1,2,0
3578,0,2,0,0
3586,1,1,0,0
3587,0,0,1,2
3591,2,1,0,0
3594,1,0,0,0
3595,0,2,0,0
3607,0,2,0,0
3611,2,0,0,0
3613,0,0,0,1
3614,0,1,3,0
3615,1,1,0,0
3616,1,0,0,0
3621,1,1,1,0
3623,2,0,1,0
3626,1,2,0,0
3630,1,0,0,0
3631,0,1,0,0
3640,1,0,1,0
3642,0,3,0,0
3643,2,0,0,0
3645,1,2,0,0
3649,2,0,1,0
3651,2,0,1,1
3655,0,3,0,0
3659,1,1,1,0
3661,1,0,2,0
3665,1,0,1,0
3674,0,4,0,1
3676,1,0,2,1
3677,1,0,0,0
3678,0,1,0,0
3690,0,1,0,0
3693,0,0,1,1
3699,0,2,0,0
3707,0,3,0,0
3715,0,0,3,0
3727,1,0,1,0
3728,0,0,1,0
3731,0,0,1,0
3736,1,2,0,0
3738,0,4,0,0
3739,0,1,1,0
3743,1,1,1,0
3750,0,0,1,0
3752,0,1,0,0
3757,1,1,1,0
3769,0,4,0,0
3776,1,1,1,0
3784,0,1,1,0
3790,0,2,0,0
3791,0,2,0,0
3794,1,1,1,0
3795,0,2,0,0
3796,1,2,0,0
3800,1,2,0,0
3803,0,3,0,0
3816,0,0,1,2
3817,1,0,3,0
3819,1,0,1,0
3822,1,0,1,0
3825,1,0,1,0
3834,1,1,1,0
3838,0,1,1,0
3839,2,0,1,0
3846,0,0,1,0
3850,1,0,1,0
3855,0,2,0,0
3858,0,0,1,0
3859,2,0,0,0
3861,1,0,2,0
3862,0,0,3,1
3864,1,0,1,0
3867,0,1,1,0
3868,1,2,0,0
3869,1,1,1,0
3870,2,0,3,0
3875,1,0,1,1
3877,0,0,2,0
3881,0,1,1,0
3885,0,0,1,0
3892,1,0,1,0
3895,0,0,3,1
3899,0,1,0,0
3902,1,3,0,0
3910,1,0,1,0
3920,1,2,0,0
3924,1,0,1,0
3926,1,2,0,0
3929,0,1,1,0
3935,0,3,0,0
3936,0,2,0,0
3948,1,1,0,0
3951,1,0,2,0
3953,0,0,2,0
3955,1,0,0,0
3959,0,2,0,0
3960,0,1,0,0
3962,0,1,0,0
3963,0,0,1,0
3972,0,1,0,0
3982,0,2,0,0
4025,1,0,1,0
4037,2,0,0,0
4056,0,3,0,0
4057,0,2,0,0
4068,0,2,0,0
4071,0,0,1,0
4072,1,1,0,0
4078,0,2,0,0
4085,0,3,0,0
4108,0,2,0,0
4140,2,1,0,0
4145,0,2,0,0
4152,1,0,0,0
4158,0,3,0,0
4171,0,1,1,0
4184,0,3,0,0
4209,0,3,0,0
4249,1,1,0,0
4323,2,1,0,0
4335,1,0,1,0
4372,0,1,0,0
4400,0,2,0,0
4412,0,2,0,0
4416,0,2,0,0
4421,2,1,0,0
4424,0,2,0,0
4425,0,3,0,0
4434,1,2,0,0
4438,0,2,0,0
4447,0,2,0,0
4449,2,0,2,0
4462,0,0,3,0
4465,2,1,0,0
4469,0,3,0,0
4474,0,3,0,0
4475,0,2,0,0
4476,0,3,0,0
4478,0,2,0,0
4479,0,1,1,0
4480,0,3,0,0
4481,0,3,0,0
4483,1,2,0,0
4492,1,1,0,0
4495,0,3,0,0
4500,0,1,2,0
4502,0,0,3,0
4509,2,1,0,0
4512,0,2,0,0
4519,0,3,0,0
4531,0,0,2,0
4533,1,1,1,0
4535,0,2,0,0
4538,1,2,0,0
4539,0,2,0,0
4542,0,2,0,0
4544,1,3,0,0
4548,0,3,0,0
4553,0,2,0,0
4555,0,2,0,0
4558,2,1,0,0
4559,0,1,0,0
4584,0,5,0,0
4586,0,3,1,0
4588,0,0,2,0
4590,1,0,2,0
4592,0,3,0,0
4593,0,3,0,0
4594,1,2,0,0
4598,1,0,0,0
4607,0,0,3,1
4608,0,3,0,0
4610,0,3,0,0
4614,0,0,2,2
4618,0,3,0,0
4620,2,0,0,0
4621,0,0,3,0
4622,1,0,3,0
4623,1,0,1,0
4627,1,0,0,0
4630,0,3,0,0
4634,0,3,0,0
4636,0,4,0,0
4638,1,0,0,0
4643,0,0,1,1
4650,0,2,0,0
4654,2,0,2,0
4656,0,3,0,0
4665,1,3,0,0
4667,0,2,0,0
4668,0,1,0,0
4670,0,0,3,0
4671,0,3,0,0
4672,1,0,2,0
4678,0,0,3,0
4681,0,3,0,0
4683,1,3,0,0
4685,1,3,0,0
4686,0,6,0,0
4688,1,4,0,0
4692,0,1,0,0
4694,1,1,0,0
4700,0,2,0,0
4702,0,2,0,0
4703,0,1,2,0
4705,0,0,1,0
4706,2,1,1,0
4708,1,3,0,0
4716,2,1,0,0
4718,1,1,0,0
4729,1,1,1,0
4732,2,0,2,0
4734,2,0,1,0
4739,0,0,3,0
4746,0,0,2,0
4753,2,1,0,0
4754,3,0,0,0
4755,1,3,0,0
4762,1,2,0,0
4774,0,0,1,0
4777,0,0,1,0
4782,1,0,0,0
4787,1,0,1,0
4789,2,1,0,0
4791,0,0,1,0
4794,1,0,0,0
4797,4,1,0,0
4798,0,0,3,0
4800,0,6,0,0
4801,0,3,0,0
4803,0,0,3,0
4804,2,1,1,0
4806,0,4,0,0
4817,1,2,0,0
4819,1,2,0,0
4824,0,1,0,0
4828,0,2,0,0
4837,0,3,0,0
4841,0,2,0,0
4842,3,1,0,0
4843,0,2,0,0
4844,0,1,1,0
4846,1,0,1,0
4849,1,1,1,0
4850,1,2,0,0
4859,1,2,0,0
4860,1,2,0,0
4864,1,0,3,0
4868,1,1,0,0
4874,2,0,0,0
4881,1,0,0,0
4884,0,4,0,0
4893,1,1,0,0
4894,0,1,1,0
4896,0,3,0,0
4900,0,2,0,0
4905,0,2,0,0
4906,0,3,0,0
4907,0,0,2,0
4914,0,1,0,0
4917,0,0,1,1
4920,0,5,0,0
4922,2,3,0,0
4923,1,1,0,0
4932,0,0,3,0
4935,0,0,3,0
4944,0,4,0,0
4947,0,3,0,0
4952,0,5,0,0
4957,1,3,0,0
4959,2,1,1,0
4960,2,0,1,0
4963,0,0,2,0
4978,0,1,0,1
4982,0,2,0,0
4985,1,2,0,0
4986,3,0,1,0
4987,1,2,0,0
4998,0,1,0,0
4999,3,1,1,0
5000,1,2,0,0
5006,0,4,0,0
5010,1,2,0,0
5011,1,2,0,0
5016,2,0,2,0
5017,0,0,2,0
5019,0,2,0,0
5025,0,5,0,0
5032,0,3,0,0
5033,2,2,0,0
5038,2,1,0,0
5039,2,0,0,0
5049,0,0,1,0
5053,0,2,0,0
5071,1,1,1,0
5074,2,1,1,0
5077,0,3,0,0
5083,1,2,0,0
5084,0,2,0,0
5085,0,2,0,0
5090,0,0,3,0
5091,1,2,0,0
5096,0,3,0,0
5104,0,3,0,0
5118,0,2,0,0
5124,1,2,0,0
5129,0,2,0,0
5136,0,2,0,0
5144,1,1,0,0
5150,2,1,1,0
5156,0,1,1,0
5168,0,1,0,0
5170,0,2,0,0
5179,1,0,1,0
5180,0,0,1,0
5183,1,0,0,0
5185,0,2,0,0
5194,0,2,0,0
5196,1,0,0,0
5200,0,3,0,0
5206,1,0,0,0
5208,0,1,0,0
5209,0,1,0,0
5210,0,2,0,0
5211,0,2,0,0
5212,1,0,1,0
5213,0,2,1,0
5214,0,1,0,0
5215,0,2,0,0
5219,1,0,1,0
5221,0,1,0,0
5225,0,2,0,0
5226,0,1,0,0
5227,0,2,1,0
5232,0,2,0,0
5243,0,4,0,0
5252,0,2,1,0
5254,0,2,0,0
5257,0,1,0,0
5258,0,2,0,0
5267,0,2,0,0
5268,1,2,0,0
5271,0,1,1,0
5272,0,3,0,0
5278,0,2,0,0
5281,1,0,1,0
5291,2,1,0,0
5297,0,2,0,0
5301,0,3,0,0
5307,0,2,0,0
5310,0,2,0,0
5312,0,2,0,0
5313,0,4,0,0
5316,3,1,0,0
5322,0,4,0,0
5325,0,2,0,0
5409,0,2,0,0
5420,0,2,0,0
5430,1,2,0,0
5434,0,3,0,0
5437,0,2,0,0
5441,0,2,0,0
5448,0,4,0,0
5450,0,5,0,0
5451,0,2,0,0
5452,0,3,0,0
5453,0,1,0,0
5454,0,3,0,0
5455,0,7,0,0
5457,0,5,0,0
5458,0,2,0,0
5459,0,5,0,0
5460,0,3,0,0
5461,1,5,0,0
5462,0,3,0,0
5463,0,4,0,0
5464,0,4,0,0
5465,0,3,0,0
5466,0,3,0,0
5467,0,4,0,0
5469,0,2,0,0
5470,0,6,0,0
5471,0,7,0,0
5473,0,2,0,0
5474,0,2,0,0
5476,0,2,0,0
5477,1,3,0,0
5478,0,7,0,0
5479,0,7,0,0
5480,0,5,0,0
5483,0,1,0,0
5484,0,2,0,0
5485,0,5,0,0
5486,0,6,0,0
5487,1,5,0,0
5488,1,6,0,0
5489,1,3,0,0
5490,0,3,0,0
5491,0,4,0,0
5492,0,3,0,0
5493,0,5,0,0
5494,0,5,0,0
5495,0,6,0,0
5496,0,6,0,0
5497,1,4,0,0
5498,0,4,0,0
5499,0,7,0,0
5500,0,6,0,0
5501,0,6,0,0
5502,0,5,0,0
5503,0,3,0,0
5504,0,5,0,0
5505,0,3,0,0
5506,0,3,0,0
5507,1,4,0,0
5508,0,4,0,0
5509,0,2,0,0
5511,0,3,0,0
5521,0,2,0,0
5522,0,5,0,0
5523,0,2,0,0
5524,0,5,0,0
5528,0,2,0,0
5530,0,3,0,0
5533,0,2,0,0
5544,0,2,0,0
5552,1,2,0,0
5564,1,3,0,0
5578,0,3,0,0
5605,0,3,0,0
5606,0,2,0,0
5607,1,0,1,0
5610,0,2,0,0
5617,0,5,0,0
5618,0,5,0,0
5619,1,1,0,0
5620,0,2,0,0
5621,0,2,0,0
5622,0,4,0,0
5623,0,5,0,0
5624,1,4,0,0
5626,0,7,0,0
5627,0,4,0,0
5628,0,6,0,0
5629,0,5,0,0
5630,0,5,0,0
5631,0,5,0,0
5632,1,2,0,0
5633,1,6,0,0
5634,1,7,0,0
5635,0,6,0,0
5636,0,5,0,0
5639,1,3,0,0
5640,1,3,0,0
5641,1,4,0,0
5642,0,4,0,0
5643,0,7,0,0
5644,1,6,0,0
5645,1,6,0,0
5646,0,5,1,0
5647,0,6,0,0
5648,0,5,0,0
5649,0,7,0,0
5650,0,5,0,0
5651,0,7,0,0
5652,0,5,0,0
5653,0,3,0,0
5654,0,3,0,0
5657,0,5,0,0
5658,0,4,0,0
5744,0,3,0,0
5760,0,2,1,0
5786,0,1,0,0
5787,0,6,0,0
5788,1,5,0,0
5789,0,6,0,0
5790,0,6,0,0
5791,1,5,0,0
5792,0,6,0,0
5794,0,7,0,0
5796,1,5,0,0
5797,0,6,0,0
5799,0,5,0,0
5800,0,4,0,0
5801,0,6,0,0
5802,0,5,0,0
5803,0,5,0,0
5804,0,6,0,0
5805,0,5,1,0
5807,0,6,0,0
5808,0,6,0,0
5810,0,6,0,0
5811,0,4,0,0
5812,0,5,0,0
5813,0,5,0,0
5814,0,5,0,0
5815,1,4,0,0
5816,0,6,0,0
5817,1,3,1,0
5818,0,6,0,0
5819,0,6,0,0
5820,1,4,0,0
5821,0,6,0,0
5823,1,5,0,0
5824,1,5,0,0
5825,0,5,0,0
5827,0,6,0,0
5828,0,6,0,0
5829,0,6,0,0
5830,0,4,0,0
5831,0,6,0,0
5833,0,6,0,0
5834,0,6,0,0
5835,0,5,0,0
5837,0,6,0,0
5838,2,4,0,0
5839,0,6,0,0
5841,0,6,0,0
5842,1,3,0,0
5843,2,3,1,0
5844,0,5,1,0
5847,0,6,0,0
5848,0,3,0,0
5849,0,5,1,0
5850,0,4,0,0
5851,0,6,0,0
5852,0,6,0,0
5853,0,6,0,0
5854,1,4,0,0
5855,3,4,0,0
5856,1,4,0,0
5858,0,6,0,0
5859,0,6,0,0
5860,0,6,0,0
5862,0,6,0,0
5864,0,6,0,0
5865,0,6,0,0
5866,0,5,0,0
5867,0,6,0,0
5868,2,4,0,0
5869,0,6,0,0
5870,0,4,0,0
5871,0,6,0,0
5872,0,6,0,0
5874,0,5,0,0
5875,1,6,0,0
5876,0,6,0,0
5877,0,5,0,0
5878,1,4,0,0
5880,0,6,0,0
5881,0,6,0,0
5883,0,5,0,0
5884,0,6,0,0
5885,0,6,0,0
5888,0,6,0,0
5889,0,7,0,0
5891,0,4,0,0
5892,0,4,1,0
5893,0,5,0,0
5894,0,5,0,0
5895,0,5,0,0
5897,0,5,0,0
5898,0,5,0,0
5899,0,5,0,0
5901,0,6,0,0
5902,2,5,0,0
5903,0,6,0,0
5904,0,5,0,0
5905,1,5,0,0
5907,0,5,0,0
5908,2,4,0,0
5912,0,5,0,0
5913,1,5,0,0
5919,0,5,0,0
5925,2,1,0,1
5926,0,6,0,0
5927,1,5,0,0
5935,0,2,0,0
5938,2,3,1,0
5940,0,6,0,0
5946,0,5,0,0
5950,1,4,0,0
5951,0,5,0,0
5952,0,3,0,0
5953,0,5,0,0
5955,0,6,0,0
5958,0,6,0,0
5959,0,4,0,0
5960,2,3,0,0
5961,0,5,0,0
5962,0,5,0,0
5963,2,3,0,0
5966,0,4,0,0
5968,0,4,0,0
5969,0,2,0,0
5970,0,2,0,0
5973,1,2,0,0
5974,0,2,0,0
5975,0,1,0,0
5976,0,2,0,0
5977,0,3,0,0
5980,0,3,0,0
5982,0,3,0,0
5985,0,3,0,0
5986,0,2,0,0
5988,0,1,0,0
5990,0,3,0,0
5992,0,1,0,0
5993,0,2,0,0
5995,0,3,0,0
5997,0,4,0,0
5998,1,2,0,0
5999,1,2,0,0
6000,0,3,0,0
6001,0,1,0,0
6003,0,2,0,0
6005,0,2,0,0
6007,0,4,0,0
6009,0,4,0,0
6010,1,3,0,0
6012,0,3,0,0
6015,0,3,0,0
6016,1,2,0,0
6017,0,2,0,0
6018,0,1,0,0
6019,0,2,0,0
6021,0,3,0,0
6025,1,1,1,0
6029,1,1,0,0
6030,1,2,0,0
6032,0,2,0,0
6037,0,3,0,0
6086,0,3,0,0
6348,0,4,0,0
6356,0,2,0,0
6432,0,2,0,0
6500,1,1,0,0
6521,0,3,0,0
6564,1,0,2,0
6583,1,4,0,0
6619,1,0,2,0
6620,2,1,0,0
6625,0,3,0,0
6636,0,3,0,0
6640,0,1,1,0
6643,0,0,0,2
6654,0,0,1,1
6660,1,1,0,1
6677,0,3,0,0
6686,0,1,0,0
6718,0,1,1,0
6729,0,0,4,0
6734,0,0,3,0
6739,1,1,1,0
6748,0,2,0,0
6756,0,4,0,0
6768,3,1,0,0
6800,0,3,0,0
6802,0,3,0,0
6813,0,1,0,0
6860,1,1,0,0
6863,1,3,0,0
6864,1,1,1,0
6904,0,3,0,0
6912,1,0,0,0
6913,0,2,0,0
6916,0,1,1,0
6944,1,0,2,0
6948,1,1,0,0
6962,3,1,0,0
6965,1,1,2,0
6966,0,5,0,0
7024,0,3,0,0
7033,1,2,0,0
7055,1,0,2,0
7087,2,1,0,0
7095,0,2,0,0
7105,0,2,0,0
7111,0,1,0,0
7112,0,2,0,0
7119,0,0,2,0
7206,0,3,0,0
7207,1,2,0,0
7210,0,2,0,0
7211,1,2,0,0
7214,1,2,1,0
7216,0,0,3,0
7241,0,3,0,0
7243,1,0,2,0
7275,0,3,0,0
7276,0,2,1,0
7361,1,0,1,0
7375,0,3,0,0
7379,1,2,1,0
7394,4,0,0,0
7405,2,0,0,0
7407,0,1,1,0
7449,0,3,0,0
7450,4,0,0,0
7456,0,3,0,0
7457,0,2,0,0
7461,0,1,0,0
7464,0,2,0,0
7467,2,0,0,0
7471,0,1,0,0
7475,0,3,0,0
7477,0,4,0,0
7479,1,0,1,0
7480,0,2,0,0
7482,0,2,1,0
7488,0,0,2,0
7489,1,0,1,0
7491,1,0,1,0
7493,2,0,3,0
7495,0,3,0,0
7496,1,1,0,0
7503,0,2,0,0
7512,1,0,1,0
7517,0,3,0,0
7519,0,3,0,0
7525,0,2,0,0
7527,0,3,0,0
7528,0,4,0,0
7529,0,4,0,0
7534,0,2,0,0
7537,1,0,2,0
7538,0,3,0,0
7546,0,3,0,0
7547,1,1,0,0
7555,1,2,0,0
7558,1,1,0,0
7562,0,2,0,0
7573,1,1,0,0
7575,1,0,1,0
7576,0,2,0,0
7598,0,2,0,0
7599,0,1,0,0
7600,0,2,0,0
7601,0,4,0,0
7602,0,2,0,0
7603,0,3,0,0
7605,0,3,0,0
7608,0,1,0,0
7610,0,4,0,0
7617,0,3,0,0
7634,0,2,0,0
7635,1,1,0,0
7636,0,0,3,0
7640,0,3,0,0
7641,2,1,0,0
7643,0,0,3,1
7645,2,0,2,0
7646,0,4,0,0
7649,0,6,0,0
7651,0,1,0,0
7652,1,1,0,0
7653,0,2,0,0
7655,0,2,0,0
7661,2,1,1,0
7663,0,6,0,0
7664,0,5,0,0
7678,2,0,1,0
7689,0,4,0,0
7691,2,1,0,0
7698,0,1,0,0
7711,0,0,2,0
7718,0,1,0,0
7722,0,3,0,0
7728,0,4,0,0
7729,0,1,0,0
7738,0,0,2,0
7744,2,1,0,0
7745,0,4,0,0
7747,2,0,1,0
7748,1,1,0,0
7755,0,1,0,0
7757,0,1,0,0
7759,2,1,0,0
7761,3,1,0,0
7762,0,0,2,0
7764,0,2,0,0
7765,0,3,0,0
7768,0,2,0,0
7771,5,0,0,0
7772,2,4,0,0
7778,0,3,0,0
7779,0,5,0,0
7786,0,3,1,0
7856,1,0,1,0
7857,0,2,0,0
7880,0,2,0,0
7997,0,3,0,0
8122,0,1,0,0
8202,0,0,0,1
8249,0,3,0,0
8251,0,4,0,0
8750,0,2,0,0
8821,0,2,0,0
8823,0,3,0,0
8847,0,1,1,0
8882,0,5,0,0
8948,1,1,0,0
9103,1,1,0,0
9155,0,1,0,0
9156,1,0,0,0
9163,1,0,0,0
9164,1,0,1,0
9183,1,0,2,0
9208,0,3,2,0
9232,1,1,0,0
9248,0,0,1,0
9273,1,0,1,0
9283,1,0,0,0
9289,1,2,0,0
9298,1,0,1,0
9310,2,1,0,0
9358,0,5,0,0
9359,1,0,0,0
9436,0,2,0,0
9444,0,1,0,0
9582,0,1,0,0
9599,0,1,1,0
9631,0,1,1,0
9652,0,0,1,0
9672,0,2,0,0
9677,0,0,1,0
9679,0,0,3,0
9684,2,0,2,0
9710,0,1,0,0
9727,1,1,0,0
9745,0,3,0,0
9765,0,1,0,0
9797,0,1,0,0
9869,0,1,0,0
9873,1,1,0,0
9948,0,2,1,0
10011,0,0,3,0
10030,0,4,0,0
10083,1,0,1,0
10102,0,0,1,2
10127,0,1,0,0
10131,1,0,0,0
10170,0,0,2,0
10227,0,1,1,0
10235,1,0,0,0
10238,0,0,2,1
10280,0,3,0,0
10282,2,1,0,0
10284,0,3,0,0
10332,0,0,2,1
10362,0,2,0,0
10372,0,2,0,0
10373,1,0,2,0
10376,0,5,0,0
10377,0,6,1,0
10406,0,1,0,0
10433,2,1,0,0
10438,0,3,0,0
10540,1,1,1,0
10615,0,1,1,0
10625,0,0,2,0
10668,0,3,0,0
10875,0,1,1,0
10877,1,0,2,0
10886,1,0,1,1
10931,0,2,1,0
10986,0,3,0,0
10990,1,0,2,0
11034,1,0,0,0
11079,1,3,0,0
11289,0,2,0,0
11304,1,1,0,0
11365,0,2,0,0
11379,0,0,2,0
11416,0,3,1,0
11487,0,5,0,0
11488,0,4,0,0
11491,0,2,0,0
11492,3,0,0,0
11568,1,2,0,0
11594,1,0,0,0
11610,1,2,0,0
11860,1,2,1,0
12005,0,1,0,0
12083,0,1,1,0
12199,0,1,0,0
12285,0,1,0,0
12344,0,4,0,0
12682,0,1,0,0
12768,1,2,0,0
12788,0,2,0,0
12970,0,2,2,0
13041,0,2,0,0
13062,3,3,0,0
13218,0,0,2,0
13226,0,2,0,0
13313,0,1,0,0
13374,0,5,1,0
13426,1,2,0,0
13427,0,4,0,0
13428,1,0,0,0
13623,1,0,0,0
13671,0,1,0,0
13753,1,1,0,0
13814,2,0,1,0
13831,0,0,2,0
13837,0,1,0,0
13838,0,4,0,0
14005,2,1,0,0
14071,0,1,0,0
14075,0,2,0,0
14285,0,2,1,0
14303,0,1,0,0
14429,0,1,0,0
14525,1,0,0,0
14568,1,2,1,0
14575,0,2,0,0
14577,1,0,1,0
14688,0,3,0,0
14740,0,5,0,0
14743,0,3,0,0
14883,0,1,0,0
14909,0,3,0,0
14910,0,3,0,0
14971,0,4,1,0
15055,2,2,0,0
15094,0,1,0,0
15120,1,2,0,0
15279,1,2,0,0
15535,0,3,0,0
15738,0,1,0,1
15752,0,3,0,0
15806,0,3,0,0
16047,0,3,0,0
16286,1,2,0,0
16329,0,0,2,0
16349,1,4,0,0
16419,0,2,0,0
16424,0,3,0,0
16432,0,3,0,0
16441,0,1,2,0
16513,0,0,3,0
16751,0,1,1,0
16784,0,1,0,0
17346,0,2,0,0
17411,0,0,3,0
17423,0,2,0,0
17508,1,2,0,0
17570,0,0,3,0
17612,0,3,0,0
17616,0,0,1,0
17647,1,0,0,0
17689,0,1,1,1
17723,1,0,0,0
17750,1,0,2,0
17762,1,0,1,0
17779,2,0,0,1
17822,0,2,0,0
17933,0,2,1,0
17946,0,3,0,0
17947,0,0,2,0
18047,0,1,3,0
18079,0,2,0,0
18102,2,0,0,0
18120,2,1,0,0
18126,0,2,0,0
18256,0,1,1,0
18268,0,1,0,0
18298,0,0,2,0
18310,1,1,1,0
18357,1,0,1,0
18399,0,3,0,0
18403,1,2,0,0
18422,0,2,0,0
18443,0,0,2,0
18462,0,1,1,0
18480,0,0,2,1
18514,0,0,3,0
18538,0,3,0,0
18573,0,2,1,0
18577,0,2,0,0
18606,0,1,1,0
18616,1,0,1,0
18686,0,0,1,1
18728,0,0,3,0
18755,1,1,1,0
18767,3,0,0,0
18800,1,1,1,0
18805,0,1,0,0
18815,1,4,0,0
18824,1,1,0,0
18825,0,2,0,0
18826,2,0,1,0
18855,0,2,0,0
18874,0,2,0,0
18921,0,1,0,0
18940,0,1,0,0
18952,0,3,0,0
18953,0,3,0,0
18954,0,3,0,0
18981,0,1,0,0
18996,0,3,0,0
19002,3,0,0,0
19003,1,0,1,2
19041,0,0,1,0
19043,2,1,0,0
19055,1,1,0,0
19056,0,2,0,0
19057,1,1,0,0
19058,0,2,0,0
19060,0,2,0,0
19061,0,2,0,0
19064,0,1,0,0
19076,0,0,2,1
19082,1,1,0,0
19087,0,1,0,0
19094,1,1,0,0
19131,2,0,1,0
19138,1,0,2,0
19150,0,2,1,0
19169,1,1,0,0
19170,0,4,0,0
19171,0,2,0,0
19205,0,3,0,0
19277,1,0,2,0
19357,0,0,2,1
19373,1,0,3,1
19379,3,0,0,0
19403,1,3,0,0
19416,0,4,0,0
19417,0,3,0,0
19418,0,2,0,0
19440,0,1,1,0
19641,1,0,1,0
20116,3,0,0,0
20291,1,2,1,0
20327,1,1,1,0
20367,0,0,3,0
20625,0,3,0,0
20824,0,1,0,0
21101,0,2,0,0
21143,0,1,0,0
21407,1,2,0,0
21429,0,3,0,0
21583,0,2,0,0
21785,0,0,2,0
21807,1,2,1,0
21909,0,4,0,0
21921,1,1,0,1
21982,2,0,1,1
22177,1,1,0,0
22304,0,1,0,0
22606,1,1,1,0
22671,0,2,0,0
23068,2,0,1,0
23273,0,3,0,0
23557,1,2,0,0
23701,0,0,3,0
23702,1,0,0,0
23704,2,2,0,0
23865,1,1,1,0
24023,0,2,0,0
24024,0,2,0,0
24025,0,2,0,0
24198,0,0,2,0
24279,0,1,0,0
24431,0,4,0,0
24437,1,0,0,0
24457,0,0,2,0
24534,0,1,0,0
24572,1,0,2,0
24936,1,0,1,0
25151,0,3,0,0
25153,1,2,0,0
25160,0,3,0,0
25161,0,3,0,0
25162,0,3,0,0
25163,0,3,0,0
25167,1,3,0,0
25301,1,0,2,0
25374,2,0,0,0
25375,0,2,0,0
25404,0,1,1,0
25651,0,2,0,0
25777,2,0,1,0
26025,0,1,0,0
26146,0,2,0,0
26149,1,1,2,0
26340,0,0,1,1
26341,0,2,0,0
26343,0,3,1,0
26379,1,1,0,0
27053,2,1,0,0
27055,0,2,1,0
27306,0,3,0,0
27350,0,1,2,0
27377,1,0,2,0
27472,1,0,1,0
27680,0,0,2,0
27790,1,1,0,0
27791,0,2,0,0
27793,1,0,2,0
27799,2,0,2,0
27801,0,1,0,0
27821,0,2,0,0
27851,0,3,0,0
27874,0,4,0,0
27947,0,3,0,0
27949,0,0,1,0
27964,1,0,1,0
28035,1,0,0,0
28044,0,3,0,0
28169,1,1,0,0
28193,1,1,1,0
28206,0,0,3,0
28209,3,1,0,0
28318,2,0,1,0
28468,1,1,1,0
28601,0,1,0,0
28843,0,1,0,0
28863,0,1,0,0
28976,0,3,0,0
29246,3,1,0,0
29304,0,1,1,0
29312,0,1,0,0
29428,1,1,0,0
29429,0,0,3,0
29610,0,0,1,2
29948,2,0,0,0
29950,1,3,0,0
29956,1,1,0,0
30001,1,2,0,0
30156,1,5,0,0
30478,0,1,0,0
30496,1,1,0,0
30532,1,1,0,0
31568,1,1,0,0
32170,3,0,1,0
32200,1,0,1,0
32556,0,2,0,0
32570,2,2,1,0
32578,0,2,0,0
32579,0,4,0,0
32586,0,1,0,0
32625,1,3,0,0
32654,0,0,2,0
32671,1,0,2,1
32693,1,1,0,0
32698,2,0,1,0
32702,0,0,2,0
32729,2,1,1,0
32733,0,4,0,0
32736,2,0,0,1
32738,0,4,0,0
32818,1,3,0,0
32823,0,3,0,0
32835,0,2,0,0
32845,0,0,2,0
32862,0,3,0,0
32872,0,2,1,0
32887,1,0,0,1
32897,0,1,0,0
32919,0,0,2,0
32925,0,2,1,0
32992,0,1,0,0
33011,0,2,1,0
33012,0,2,0,0
33014,0,1,0,0
33054,0,3,0,0
33056,1,0,1,0
33077,0,3,0,0
33084,0,2,0,0
33093,0,5,0,0
33096,0,2,0,0
33113,0,2,0,0
33114,0,0,0,1
33125,3,0,0,0
33145,2,2,0,0
33160,0,2,0,0
33173,1,2,0,0
33198,1,3,0,0
33222,1,1,0,0
33247,0,1,0,0
33315,0,4,0,0
33375,0,1,1,0
33378,1,1,0,0
33379,0,1,1,0
33386,1,0,1,0
33388,0,2,0,0
33413,0,5,0,0
33442,1,0,3,0
33448,0,1,1,0
33467,2,1,0,0
33468,0,0,2,0
33516,2,0,0,0
33527,1,1,2,0
33564,0,0,1,0
33568,2,0,0,0
33591,1,1,0,0
33619,0,2,0,0
33620,0,2,0,0
33638,0,2,0,0
33641,0,1,0,0
33700,2,1,0,0
33709,0,2,0,0
33710,0,5,0,0
33712,0,0,3,0
33728,0,2,0,0
33747,1,0,1,0
33831,1,0,0,0
33837,1,3,0,0
33851,0,0,1,0
33865,1,1,0,0
33884,1,0,0,0
33891,0,0,1,0
33911,0,1,1,1
33914,1,1,1,0
33916,0,0,2,0
33920,0,0,2,1
33935,1,2,1,0
33940,0,2,0,0
33945,1,0,0,0
33997,0,2,0,0
33998,0,1,0,0
33999,1,2,1,0
34033,0,2,1,0
34046,0,2,0,0
34066,2,0,0,0
34102,2,1,0,0
34144,1,0,2,0
34161,1,0,1,0
34179,0,1,0,0
34181,0,0,1,0
34186,1,2,0,0
34201,0,4,0,0
34220,0,3,0,0
34221,1,0,1,0
34222,1,1,0,0
34244,0,3,0,0
34331,0,2,0,0
34352,0,2,0,0
34353,0,2,0,0
34354,1,1,0,0
34387,0,2,0,0
34388,0,0,2,1
34395,1,0,0,0
34411,0,2,0,0
34418,0,1,1,0
34434,0,1,3,1
34451,0,2,0,0
34458,1,1,1,0
34505,1,1,1,0
34585,0,0,0,1
34591,1,1,0,0
34611,1,0,2,0
34647,0,1,0,0
34649,0,2,0,0
34662,0,0,1,1
34665,3,0,1,0
34676,0,0,0,3
34708,2,3,0,0
34710,0,3,0,0
34726,1,0,0,0
34728,1,1,0,0
34743,0,0,1,0
34746,2,0,0,0
34749,0,2,0,0
34787,0,3,0,0
34814,2,0,0,0
34839,1,0,2,0
34858,0,1,1,0
34865,1,1,2,0
34910,1,2,1,0
34992,0,2,0,0
35106,2,0,0,0
35199,1,0,1,0
35221,0,0,3,0
35240,0,0,1,0
35317,1,0,0,0
35340,0,6,0,0
35359,0,1,0,0
35415,0,1,0,0
35418,1,1,1,0
35425,1,0,1,0
35464,2,2,0,0
35469,3,0,0,0
35503,0,2,0,0
35507,1,1,1,0
35565,3,0,0,0
35591,1,2,0,0
35592,0,0,3,0
35659,1,0,1,1
35660,1,0,0,0
35702,1,0,2,0
35771,0,3,0,0
35784,2,0,0,0
35786,0,3,1,0
35790,0,2,0,0
35805,0,0,1,1
35812,0,3,0,0
35828,0,0,3,0
35852,2,1,0,0
35855,2,0,0,0
35862,0,2,0,0
35882,0,2,0,0
35884,0,2,0,0
36014,1,1,0,0
36020,0,1,1,0
36022,0,0,3,0
36023,0,3,0,0
36024,2,1,1,0
36048,0,1,1,0
36160,0,3,0,0
36179,0,0,2,0
36201,0,1,0,0
36205,0,1,1,0
36208,1,1,1,0
36213,0,3,0,0
36214,0,2,0,0
36215,0,2,0,0
36216,0,2,0,0
36274,0,3,0,0
36277,1,0,0,0
36348,1,3,0,0
36378,0,1,0,0
36396,0,5,0,0
36451,0,2,0,0
36452,1,1,0,0
36473,1,3,0,0
36474,0,1,0,0
36494,1,2,0,0
36512,1,1,0,0
36513,0,1,0,0
36519,0,0,1,0
36523,0,0,2,0
36534,1,1,1,0
36547,0,1,0,0
36570,1,1,2,0
36571,0,1,2,0
36589,0,0,2,0
36602,0,2,0,0
36608,1,0,0,0
36614,0,1,0,0
36618,1,1,0,0
36635,1,1,1,0
36645,1,1,0,0
36673,1,0,2,1
36685,1,2,0,0
36687,1,2,1,0
36695,0,1,1,0
36699,0,0,2,0
36730,1,1,0,0
36744,0,0,2,0
36745,0,0,1,0
36750,0,1,0,0
36758,1,0,0,0
36786,1,0,1,0
36840,0,2,1,0
36850,2,2,0,0
36861,1,2,0,0
36875,0,3,0,0
36876,0,4,0,0
36911,2,0,1,0
37038,1,1,0,0
37060,0,1,2,0
37090,0,0,1,0
37115,0,0,2,0
37141,1,0,1,1
37151,0,1,2,0
37152,0,0,3,0
37166,0,3,0,0
37167,0,3,0,0
37168,0,3,0,0
37169,0,3,0,0
37170,0,3,0,0
37171,0,3,0,0
37231,0,0,3,0
37232,0,1,0,0
37234,1,2,0,0
37304,2,0,2,0
37319,0,2,0,1
37344,0,0,2,0
37350,0,2,1,0
37361,0,2,0,0
37389,2,0,1,0
37390,0,1,0,0
37405,0,0,2,0
37407,0,0,2,1
37456,1,0,0,0
37462,0,2,0,0
37482,1,0,0,0
37483,0,3,0,0
37507,0,4,0,0
37633,0,0,2,0
37639,0,4,0,0
37651,1,2,0,0
37654,2,1,0,0
37656,0,4,0,0
37658,1,3,0,0
37667,1,0,1,0
37670,0,2,0,0
37682,0,2,1,0
37688,0,2,0,0
37717,0,3,0,0
37731,2,1,0,0
37732,2,1,0,0
37755,1,1,0,0
37792,0,3,0,0
37802,1,1,0,0
37818,0,1,1,1
37820,1,3,0,0
37832,1,0,0,0
37833,0,1,0,0
37879,0,0,2,0
37882,1,0,1,0
37918,1,1,0,0
37986,0,2,0,0
38030,0,2,0,0
38070,1,0,0,0
38072,1,0,2,0
38073,1,3,0,0
38106,0,3,0,0
38112,2,0,0,0
38126,1,4,0,0
38139,1,1,0,0
38146,0,1,0,0
38179,1,1,0,0
38182,0,2,0,0
38197,0,2,0,0
38201,0,1,2,0
38202,0,1,2,0
38231,2,1,0,0
38247,0,3,0,0
38258,0,0,3,0
38259,0,0,2,0
38306,0,3,0,0
38307,1,0,0,0
38330,1,2,0,0
38379,1,2,0,0
38423,0,5,0,0
38427,0,0,2,1
38428,1,0,2,0
38442,0,0,2,0
38458,0,1,0,0
38479,1,1,0,0
38485,1,1,2,0
38530,0,0,2,0
38564,0,0,1,0
38565,0,4,0,0
38566,1,0,2,0
38580,2,0,3,0
38606,1,2,0,0
38611,0,0,1,0
38709,0,0,1,0
38752,0,3,0,0
38788,0,2,0,0
38797,0,1,0,0
38798,1,3,0,0
38808,0,0,3,0
38822,0,2,0,0
38875,2,1,1,0
38882,0,3,0,0
38885,0,2,0,0
38929,3,1,1,0
39025,0,3,0,0
39031,0,4,0,0
39047,1,1,1,0
39048,1,1,0,0
39049,0,1,1,0
39050,0,1,0,0
39052,1,1,0,0
39053,0,0,1,0
39054,2,1,0,0
39076,0,2,1,0
39113,1,0,2,0
39119,0,0,2,0
39176,0,0,2,0
39205,0,1,0,0
39295,0,0,1,0
39396,0,0,2,1
39398,1,3,1,0
39403,2,1,0,0
39426,0,0,1,1
39481,0,1,1,0
39482,0,6,0,0
39495,0,3,0,0
39513,1,1,0,0
39528,0,0,1,0
39586,1,1,0,0
39606,0,3,0,0
39608,1,2,0,0
39665,0,2,1,0
39667,1,1,2,0
39693,2,0,1,0
39695,0,1,1,1
39706,0,2,0,0
39708,1,0,1,0
39773,0,2,0,0
39776,0,0,2,1
39810,1,0,2,0
39824,2,0,1,0
39862,2,1,0,0
39875,0,2,0,0
39888,2,2,0,0
39936,0,3,0,0
39937,1,1,0,0
40001,0,1,0,0
40123,1,0,0,0
40144,0,5,0,0
40185,0,2,0,0
40197,0,2,0,0
40212,0,3,0,0
40216,0,0,1,0
40217,1,0,1,0
40227,1,0,0,0
57552,0,0,1,2
57579,0,0,1,1
57601,0,2,0,0
57628,0,2,0,0
57630,0,3,0,0
57653,0,1,3,0
57698,1,0,2,0
57732,0,2,0,0
57751,0,3,0,0
57754,0,2,0,0
57755,0,0,2,0
57774,1,2,0,0
58573,2,3,0,0
58574,2,0,0,0
58576,1,0,1,0
58610,1,2,0,0
58611,2,0,0,0
58628,3,0,0,0
58637,0,3,0,0
58659,0,2,1,0
58673,0,0,5,0
58675,2,0,0,0
58710,1,0,0,0
58718,1,1,0,0
58745,0,0,2,0
58781,0,2,0,0
58803,2,0,0,0
58850,2,0,1,0
58861,0,2,0,0
58879,1,0,0,0
58922,0,2,1,0
58945,0,1,0,0
59002,0,2,0,0
59009,0,4,0,0
59016,0,4,0,0
59021,0,3,0,0
59025,0,0,2,0
59040,0,2,0,0
59041,1,2,0,0
59044,1,0,2,0
59065,0,1,1,0
59141,0,2,0,0
59153,1,0,2,0
59154,0,1,0,0
59178,0,0,4,0
59179,0,0,1,0
59215,0,4,0,0
59289,1,0,0,2
59331,2,1,0,0
59338,2,0,0,0
59372,0,4,0,0
59397,3,1,1,1
59407,3,0,1,0
59422,1,2,0,0
59464,0,1,0,0
59515,0,0,3,0
59520,0,3,0,0
59574,2,2,0,0
59577,0,1,3,0
59599,1,3,0,0
59637,0,2,1,0
59638,1,2,0,0
59651,0,1,2,0
59691,1,1,0,0
59717,0,2,0,0
59727,1,0,3,0
59744,0,2,0,0
59777,1,0,0,0
59826,0,0,2,0
59828,1,0,4,0
59832,0,1,0,0
59833,0,2,0,1
59838,0,2,0,0
59872,2,1,0,0
59896,0,2,0,0
59934,0,0,1,0
59935,3,2,0,0
59949,0,2,1,0
59986,1,0,0,0
59988,0,1,2,0
60029,1,1,0,0
60042,0,2,0,0
60067,1,1,0,0
60085,0,1,1,0
60114,2,1,0,0
60115,0,0,2,1
60208,1,0,1,0
60210,3,3,0,0
60230,2,1,0,0
60254,0,4,0,0
60290,1,1,0,0
60331,0,0,3,0
60334,2,0,1,0
60349,2,0,0,0
60354,0,0,5,0
60355,1,0,1,1
60380,1,2,1,0
60387,0,2,0,0
60400,2,0,1,0
60445,0,4,0,0
60472,1,0,2,0
60473,1,2,0,0
60475,0,1,0,0
60484,1,1,0,0
60518,1,0,1,0
60544,0,4,0,0
60547,0,3,0,0
60548,1,2,0,0
60549,0,2,0,0
60550,0,4,0,0
60551,0,1,1,0
60554,0,1,0,0
60555,0,4,0,0
60561,0,3,0,0
60602,0,3,0,0
60616,1,2,0,0
60628,0,3,0,0
60631,0,2,0,0
60632,0,1,0,0
60633,0,2,0,0
60644,1,2,0,0
60649,1,3,0,0
60656,0,2,0,0
60657,0,2,0,0
60658,0,1,0,0
60713,0,3,0,0
60737,0,1,0,0
60756,0,0,1,0
60786,1,1,0,0
60823,1,1,1,0
60824,0,3,0,0
60825,1,2,0,0
60828,1,1,0,0
60833,0,3,0,0
60898,0,1,1,0
60933,1,0,2,0
60936,0,2,0,0
60984,2,0,1,0
61001,0,1,0,0
61016,0,3,0,0
61056,0,5,0,0
61073,0,2,1,0
61093,1,0,2,0
61109,0,4,0,0
61122,0,1,1,0
61136,0,1,2,0
61161,0,0,1,1
61180,1,1,0,0
61187,0,3,0,0
61206,1,0,1,0
61285,1,4,0,0
61324,0,2,0,0
61326,0,2,0,0
61351,2,0,0,0
61356,0,1,0,0
61357,0,1,0,0
61390,0,1,0,0
61391,0,0,3,0
61427,1,0,1,0
61436,1,0,1,1
61438,1,1,0,0
61460,0,0,2,0
61464,0,2,1,0
61467,1,4,0,0
61493,1,2,0,0
61494,0,0,2,0
61499,0,0,2,0
61500,0,4,0,0
61512,1,2,0,0
61514,0,2,1,0
61516,1,1,0,0
61550,1,1,0,0
61563,1,1,0,0
61579,1,0,0,1
61592,1,1,0,0
61595,2,0,0,0
61598,1,2,0,0
61602,1,1,1,0
61612,0,2,0,0
61623,0,2,0,0
61635,1,2,0,0
61641,0,2,0,0
61643,0,1,0,0
61669,2,1,0,0
61697,2,0,1,0
61736,2,2,0,0
61789,2,0,0,0
61806,0,5,0,0
61816,0,0,3,0
61823,0,0,2,0
61856,1,1,0,0
61861,0,0,2,1
61915,1,0,1,1
61923,0,1,1,0
61953,0,2,0,0
61959,0,3,0,0
61976,0,3,0,0
61989,0,0,1,1
62000,1,2,0,0
62010,0,3,0,0
62051,0,0,2,0
62056,0,3,0,0
62057,0,1,2,1
62060,0,3,0,0
62064,1,1,1,0
62069,0,2,0,0
62072,0,4,0,0
62140,1,1,0,0
62176,0,1,2,0
62179,1,2,0,0
62251,0,2,0,0
62277,1,1,0,0
62298,0,3,0,0
62308,1,1,1,0
62330,0,0,0,1
62334,1,0,0,0
62357,1,0,1,0
62358,1,0,2,0
62362,0,1,1,0
62419,0,1,0,0
62435,0,2,0,0
62445,0,2,0,0
62462,0,0,3,0
62487,0,2,0,0
62521,0,1,0,0
62526,0,2,0,0
62532,1,1,0,0
62548,1,0,2,0
62550,0,2,1,0
62551,0,3,0,0
62552,0,3,0,0
62560,2,1,0,0
62561,0,2,0,0
62572,0,2,0,0
62573,0,0,3,0
62578,0,0,0,2
62597,2,0,1,0
62632,0,0,1,0
62658,0,1,0,0
62674,0,3,0,0
62688,1,2,1,0
62701,0,3,1,0
62702,0,2,0,0
62708,2,1,2,0
62710,2,0,0,0
62717,0,3,0,0
62730,0,1,1,0
62735,1,0,2,0
62739,2,4,0,0
62744,2,1,0,0
62746,0,4,0,0
62765,0,0,2,0
62768,0,0,0,1
62769,0,0,3,0
62771,1,1,1,0
62775,0,3,0,0
62779,0,0,3,0
62780,1,1,0,0
62784,0,5,0,0
62785,1,0,1,0
62797,0,3,0,0
62814,0,5,0,0
62816,0,4,0,0
62824,0,0,2,0
62853,0,3,0,0
62889,0,1,0,0
62896,2,0,1,0
62900,0,0,1,1
62913,0,2,0,0
62921,0,2,1,0
62939,0,3,0,0
62943,1,0,3,0
62990,1,0,0,0
63000,0,2,0,0
63016,0,2,0,0
63047,2,2,0,0
63049,0,4,0,0
63076,0,1,0,0
63077,0,2,0,0
63079,0,3,0,0
63082,0,0,3,1
63084,1,1,1,0
63095,1,3,0,0
63112,1,0,0,0
63119,2,1,0,0
63121,0,1,0,1
63124,0,3,0,0
63136,0,3,0,0
63150,0,1,1,1
63156,1,0,1,0
63169,2,1,1,0
63191,0,0,1,0
63210,1,1,0,0
63248,0,2,0,0
63256,0,0,1,1
63258,0,1,0,0
63265,1,1,1,0
63280,0,1,2,0
63286,1,0,3,0
63287,0,0,1,1
63303,1,0,0,0
63304,0,2,0,0
63404,1,2,0,0
63406,0,2,0,0
63413,2,2,0,0
63447,2,0,1,0
63488,0,3,0,0
63489,0,3,0,0
63493,1,0,2,0
63503,2,1,0,0
63554,2,1,0,0
63576,1,4,0,0
63597,1,2,0,0
63601,0,0,1,1
63602,0,1,0,0
63615,1,3,0,0
63618,0,3,0,0
63619,1,3,0,0
63624,0,2,0,0
63646,0,2,0,0
63651,0,2,0,0
63652,0,2,0,0
63653,1,1,0,0
63654,0,2,0,0
63713,0,3,0,0
63755,1,0,2,1
63757,0,0,3,1
63763,0,0,3,0
63773,0,1,0,0
63776,0,1,0,0
63780,1,1,1,0
63804,0,0,1,2
63860,0,2,0,0
63893,1,1,0,0
63896,1,2,0,0
63897,1,2,0,0
63918,0,2,0,0
63926,0,2,0,0
63940,3,0,0,0
63943,0,4,0,0
63971,0,3,0,0
63992,0,2,0,0
64004,0,4,0,0
64008,1,2,0,0
64021,0,0,1,0
64057,0,2,0,0
64067,1,1,0,0
64076,2,0,2,0
64092,0,2,0,0
64101,0,3,0,0
64116,2,3,0,0
64141,3,0,0,0
64154,1,0,2,0
64161,1,0,2,1
64176,0,0,2,1
64195,3,0,0,0
64213,1,1,0,0
64231,1,1,1,0
64236,2,0,1,0
64242,1,2,0,0
64308,1,0,1,0
64319,0,2,0,0
64338,1,1,0,0
64346,1,1,0,0
64351,0,2,0,0
64354,0,2,1,0
64361,0,3,0,0
64377,0,2,0,0
64379,1,3,0,0
64380,2,0,0,0
64384,0,2,0,0
64416,3,0,0,0
64420,0,1,0,0
64437,0,2,0,0
64454,0,1,2,0
64466,1,0,1,0
64484,0,1,1,0
64490,0,1,0,0
64492,0,3,0,0
64496,0,2,0,0
64501,2,1,1,0
64502,1,3,0,0
64503,1,0,0,0
64513,0,2,0,0
64524,0,1,0,0
64525,0,0,2,0
64549,2,0,0,1
64612,0,1,2,0
64630,0,0,1,0
64636,1,1,0,0
64653,3,0,0,0
64660,2,1,0,0
64667,0,1,0,0
64682,3,0,0,0
64717,0,1,0,0
64723,1,0,1,0
64738,1,0,0,0
64745,1,1,0,0
64787,1,0,1,0
64790,1,1,0,0
64805,1,1,1,0
64814,0,0,3,0
64835,1,0,2,0
64843,1,0,1,0
64846,0,2,1,0
64859,0,4,0,0
64881,1,1,0,0
64884,1,1,0,0
64932,0,0,1,0
64933,0,1,1,0
64938,0,1,1,0
64940,0,1,1,0
64945,0,1,1,0
64958,0,1,0,0
65004,0,3,0,0
65007,1,0,0,0
65012,2,0,0,0
65014,0,0,2,0
65026,1,2,0,0
65050,1,0,1,1
65051,1,2,0,0
65057,1,1,1,0
65060,0,1,0,0
65066,0,0,3,0
65086,2,0,0,0
65093,0,1,0,0
65103,1,2,0,0
65111,2,1,0,0
65115,1,1,1,0
65137,2,0,1,0
65138,0,1,1,0
65139,1,0,2,0
65181,3,0,0,0
65238,2,2,0,0
65241,2,1,0,0
65245,1,2,0,0
65260,0,2,0,0
65265,0,2,0,0
65267,0,2,0,0
65270,0,2,0,0
65271,1,1,0,0
65277,0,2,0,0
65283,1,3,0,0
65291,0,2,0,0
65337,0,0,2,0
65348,1,0,2,1
65350,3,0,0,0
65358,0,2,0,0
65363,0,2,0,0
65369,0,3,0,0
65371,1,1,1,0
65375,0,2,0,0
65377,0,2,0,0
65382,2,0,0,0
65383,1,0,0,0
65384,0,2,0,0
65392,0,3,0,0
65396,2,0,0,0
65412,1,1,0,0
65415,1,1,0,0
65425,1,1,0,0
65427,0,2,0,0
65442,0,0,3,0
65479,0,2,0,0
65485,1,2,0,0
65487,1,1,0,0
65529,2,0,0,0
65531,0,1,0,0
65549,0,3,0,0
65554,1,2,0,0
65561,1,0,1,1
65580,1,0,1,0
65582,1,0,2,0
65602,0,2,0,0
65622,0,3,0,0
65624,0,2,0,0
65635,0,0,4,0
65649,2,1,0,0
65672,1,3,0,0
65674,1,0,2,0
65676,2,1,0,0
65677,2,1,0,0
65679,0,0,4,0
65688,0,1,0,0
65692,0,1,0,0
65695,1,0,3,0
65704,0,1,0,0
65724,0,3,0,0
65725,0,3,0,0
65754,1,1,0,0
65761,0,0,1,0
65770,1,2,0,0
65776,0,1,0,0
65791,3,0,0,0
65795,1,2,1,0
65813,2,0,0,0
65819,0,4,0,0
65820,0,5,0,0
65824,0,2,0,0
65826,1,2,0,0
65829,0,1,0,0
65830,2,1,0,0
65831,0,0,2,0
65833,0,2,1,0
65834,0,0,3,0
65852,2,1,0,0
65856,0,1,2,0
65857,1,1,1,0
65860,1,1,1,0
65872,0,0,1,1
65873,0,2,1,0
65893,0,6,0,0
65895,1,1,0,0
65896,2,0,0,0
65898,0,3,0,0
65900,0,2,0,0
65901,2,0,0,0
65902,2,0,0,0
65912,1,0,0,0
65925,0,0,2,0
66185,0,2,0,0
66191,0,3,0,0
66198,0,2,0,0
66202,0,3,0,0
66219,0,0,1,0
66220,1,0,0,0
66229,2,0,1,1
66255,1,0,1,0
66259,1,0,1,0
66276,0,0,3,0
66279,0,2,0,0
66280,0,0,1,0
66297,2,2,0,0
66300,2,1,1,0
66328,0,3,0,0
66331,1,1,0,0
66336,1,2,0,0
66361,0,0,1,1
66362,0,2,0,0
66363,1,2,0,0
66384,1,0,2,0
66394,0,1,0,0
66400,0,1,1,0
66402,0,4,0,0
66406,0,0,3,0
66411,0,2,0,0
66418,0,0,2,0
66475,2,1,0,0
66503,1,3,0,0
66515,1,0,1,0
66517,0,0,2,0
66522,0,0,2,0
66534,3,0,0,0
66536,2,0,1,0
66583,0,3,0,0
66584,1,2,0,0
66592,0,3,0,0
66612,1,2,0,0
66637,1,0,1,0
66642,0,0,1,0
66656,2,1,0,1
66679,0,0,1,1
66684,0,3,0,0
66685,2,0,1,0
66687,0,4,0,0
66694,0,2,0,0
66695,0,0,2,0
66698,0,2,0,0
66704,1,0,2,0
66705,0,0,2,0
66709,0,1,0,0
66711,1,0,0,0
66715,0,1,0,0
66717,0,2,0,0
66732,3,0,1,0
66736,0,0,1,1
66737,1,2,0,0
66768,0,2,0,0
66771,1,2,0,0
66808,1,3,0,0
66811,1,0,2,0
66817,0,2,0,0
66874,0,0,2,2
66894,0,3,0,0
66895,1,0,0,0
66896,0,3,0,0
66900,3,0,1,0
66901,1,0,0,0
66902,1,1,0,0
66921,0,2,0,0
66925,2,0,0,0
66927,0,2,0,0
66932,0,1,0,0
66934,0,3,0,0
66961,1,0,0,2
66963,0,1,0,0
66972,0,1,0,0
66979,0,2,0,0
66985,1,1,1,0
66988,2,0,0,0
66990,1,1,0,0
66992,1,0,0,0
66999,2,0,1,0
67043,1,0,1,1
67049,2,0,0,0
67063,1,1,1,0
67067,0,0,1,0
67075,1,1,1,0
67093,0,5,0,0
67123,0,2,0,0
67124,1,0,1,0
67149,0,2,0,0
67154,2,0,1,1
67167,1,0,1,0
67174,0,1,0,0
67176,0,3,0,0
67182,0,2,0,0
67184,1,1,0,0
67186,0,3,0,0
67187,0,3,0,0
67218,0,2,0,0
67235,0,2,0,0
67237,1,0,2,0
67246,1,1,0,0
67250,0,2,0,0
67262,1,0,1,1
67276,1,1,0,0
67303,1,1,2,0
67330,0,0,0,2
67356,0,0,1,0
67357,3,0,0,0
67359,2,0,0,0
67371,0,0,0,1
67374,1,0,2,0
67414,0,1,0,0
67427,0,2,0,0
67446,0,0,1,0
67448,1,0,3,0
67486,1,1,0,0
67489,0,3,0,0
67495,0,3,0,0
67500,1,0,1,0
67510,0,1,0,0
67545,1,2,0,0
67552,0,1,1,0
67554,0,0,3,0
67558,0,1,0,0
67564,0,0,1,2
67565,0,0,3,0
67567,1,1,0,0
67584,1,1,0,0
67587,2,1,0,0
67602,0,3,0,0
67606,0,2,0,0
67612,0,2,0,0
67615,1,1,0,0
67617,0,3,0,0
67676,2,2,0,0
67690,0,2,0,0
67741,0,0,1,1
67743,0,0,2,0
67754,1,1,0,0
67788,0,1,1,0
67809,1,0,1,0
67815,1,1,0,0
67828,0,0,3,1
67833,2,0,0,0
67840,2,1,2,0
67856,0,1,0,0
67862,0,1,1,0
67864,0,2,0,0
67869,1,2,1,0
67871,1,4,0,0
67875,2,1,1,0
67895,0,3,0,0
67911,0,3,0,0
67917,0,3,0,0
67920,2,0,2,0
67923,2,0,0,0
67942,0,1,0,0
67982,1,1,1,0
67985,1,0,1,0
68013,0,3,0,0
68018,0,4,0,0
68026,0,2,1,0
68036,1,1,1,0
68037,0,1,0,0
68042,0,0,2,0
68045,0,1,0,0
68058,0,1,0,0
68068,0,3,0,0
68070,1,1,1,0
68079,0,3,0,0
68089,1,1,0,0
68090,1,0,0,0
68091,1,1,0,0
68104,0,1,0,1
68105,2,0,0,0
68121,0,1,0,0
68128,0,2,0,0
68130,0,0,3,0
68131,1,1,1,0
68146,0,2,0,0
68148,1,0,0,0
68152,0,1,0,0
68158,0,3,0,0
68159,0,0,1,0
68160,0,0,0,2
68173,0,6,0,0
68189,1,3,0,0
68196,0,2,0,0
68219,0,3,0,0
68220,1,1,1,0
68237,0,1,0,0
68242,0,1,1,0
68247,1,0,1,0
68249,0,1,1,0
68254,1,0,0,0
68257,0,1,0,0
68258,0,2,0,0
68259,1,1,0,0
68260,0,2,0,0
68261,0,2,0,0
68262,0,3,0,0
68263,0,2,0,0
68264,1,1,0,0
68269,1,2,0,0
68278,1,0,1,0
68283,0,4,0,0
68289,0,2,0,0
68294,1,2,0,0
68295,0,3,0,0
68298,0,3,0,0
68320,0,0,1,0
68321,0,0,2,0
68331,2,1,0,0
68345,0,2,0,0
68351,1,0,1,0
68352,1,1,0,0
68353,0,2,0,0
68356,0,3,0,0
68360,1,1,1,0
68362,0,2,0,0
68365,0,1,0,0
68366,1,0,1,0
68390,0,0,3,0
68394,2,0,0,0
68400,0,0,1,0
68401,0,2,1,0
68403,0,0,2,1
68407,1,2,0,0
68412,0,1,1,0
68421,0,3,0,0
68422,0,3,0,0
68428,2,1,1,0
68430,0,3,0,0
68431,1,1,0,0
68442,0,0,2,0
68451,0,0,2,0
68454,0,0,1,0
68467,0,2,0,0
68469,1,0,0,0
68483,2,1,1,0
68493,0,1,1,0
68500,1,2,0,0
68503,0,1,0,0
68504,0,3,0,0
68508,1,0,2,0
68511,0,2,0,0
68540,1,2,0,0
68544,0,0,2,0
68560,1,0,0,1
68591,0,3,0,0
68600,0,1,1,0
68602,0,2,0,0
68608,2,0,0,0
68615,0,0,2,0
68616,0,2,0,0
68618,1,2,1,0
68629,0,1,0,0
68644,0,2,1,0
68649,1,0,1,0
68672,0,0,2,1
68674,0,3,0,0
68692,1,5,0,0
68696,0,1,2,0
68699,1,1,0,0
68701,1,1,1,0
68713,0,2,0,0
68714,0,2,0,0
68716,0,2,0,0
68739,0,3,0,0
68753,1,0,1,0
68761,2,0,0,0
68763,2,0,1,0
68764,0,3,1,0
68766,0,3,0,0
68768,1,0,2,0
68773,1,0,0,0
68774,0,3,0,0
68775,0,3,0,0
68784,1,2,0,0
68799,1,0,1,0
68804,0,1,0,0
68808,1,0,1,0
68813,1,0,1,0
68814,0,4,0,0
68824,0,2,0,0
68826,0,1,1,0
68827,0,2,0,0
68831,1,0,2,0
68832,0,0,3,0
68842,0,1,1,0
68860,1,0,2,0
68865,0,1,2,0
68872,0,0,4,0
68880,0,0,1,0
68890,0,0,3,0
68891,1,0,2,0
68894,1,2,0,0
68895,0,4,0,0
68909,0,1,0,0
68916,0,0,1,0
68944,0,4,0,0
68955,0,3,0,0
68961,0,1,2,0
68963,1,0,0,0
68974,0,5,0,0
68982,0,1,0,0
68986,1,0,1,0
68998,0,1,2,0
69006,0,2,0,0
69012,1,0,0,0
69016,0,0,1,2
69026,2,1,0,0
69041,1,0,3,0
69044,0,7,0,0
69045,0,7,0,0
69047,0,3,0,0
69048,0,5,0,0
69049,0,4,0,0
69051,0,4,0,0
69053,0,5,0,0
69066,0,2,0,0
69069,0,4,0,0
69110,1,0,1,0
69113,0,1,0,0
69115,0,0,3,0
69118,2,0,1,0
69122,0,3,0,0
69125,1,2,0,0
69127,0,2,2,0
69135,0,3,0,0
69147,2,1,0,0
69152,1,0,1,0
69172,0,3,1,0
69175,0,0,3,0
69181,0,4,0,0
69186,0,1,1,0
69188,0,3,0,0
69194,0,1,0,0
69195,1,0,2,0
69199,0,0,0,1
69205,0,0,3,1
69207,1,3,0,0
69208,1,3,0,0
69214,0,2,0,0
69215,0,1,0,0
69217,1,0,0,0
69237,0,4,0,0
69244,1,1,0,0
69249,1,2,0,0
69250,0,1,0,0
69253,1,3,2,0
69259,1,1,0,0
69275,1,1,1,0
69282,0,0,2,0
69288,0,1,0,0
69290,0,3,0,0
69291,0,4,0,0
69294,0,0,3,0
69299,2,0,0,0
69312,0,2,0,0
69317,3,0,0,0
69322,0,2,0,0
69324,3,1,1,0
69350,0,4,0,0
69351,0,0,4,0
69353,1,0,1,1
69368,1,1,0,0
69383,0,2,0,0
69387,1,2,0,0
69388,0,2,0,0
69392,0,0,1,1
69397,0,1,1,1
69403,1,0,1,0
69419,1,0,2,0
69437,0,1,0,0
69465,0,4,0,0
69466,2,1,1,0
69475,0,2,1,0
69486,0,0,0,2
69487,0,1,0,0
69489,1,1,0,0
69492,1,2,0,0
69494,1,0,1,1
69501,0,1,2,0
69512,0,1,0,1
69520,1,0,0,1
69527,1,2,1,0
69528,0,3,0,0
69529,0,1,0,0
69547,0,2,0,0
69562,0,1,0,0
69574,0,1,0,0
69575,0,2,0,0
69576,0,2,0,0
69584,0,0,2,0
69590,1,2,0,0
69592,0,0,1,0
69595,1,2,0,0
69606,0,1,2,0
69618,1,0,0,1
69621,0,3,0,0
69627,0,4,0,0
69635,1,1,0,0
69653,1,0,0,0
69664,0,2,0,0
69665,1,2,1,0
69666,0,1,1,1
69675,0,1,0,0
69679,0,2,0,0
69680,0,1,0,0
69691,1,0,1,0
69694,0,0,2,0
69705,1,2,0,0
69706,1,1,1,0
69707,3,1,0,0
69708,0,2,0,0
69717,0,0,0,1
69722,1,1,0,0
69737,0,2,1,0
69750,1,0,3,0
69753,0,2,0,0
69759,0,0,3,0
69761,0,3,0,0
69762,0,0,2,1
69769,2,1,0,0
69771,0,1,0,0
69782,1,0,0,1
69786,1,0,1,0
69792,2,0,0,0
69799,1,1,2,0
69813,1,3,0,0
69828,0,1,1,0
69849,3,0,1,0
69850,0,1,0,0
69863,1,2,0,0
69884,3,1,2,0
69885,1,3,0,0
69895,0,3,0,0
69903,0,2,0,0
69906,2,0,0,0
69909,1,4,0,0
69938,0,0,3,0
69945,1,1,1,0
69957,1,1,0,0
69962,1,0,1,0
69978,1,0,0,0
69984,3,3,0,0
70014,0,0,1,0
70017,1,1,1,0
70019,0,1,1,0
70022,0,0,3,0
70034,1,1,0,0
70044,1,2,0,0
70045,0,3,0,0
70058,0,3,0,0
70064,1,2,1,0
70071,0,4,0,0
70090,0,2,0,0
70123,0,2,0,0
70132,1,2,1,0
70137,1,1,0,0
70138,0,1,0,0
70141,0,1,0,0
70142,0,1,1,0
70148,1,1,0,0
70182,0,4,0,0
70184,0,0,2,1
70207,0,3,0,0
70216,1,1,2,0
70217,0,2,0,0
70220,0,3,0,0
70225,1,1,0,0
70254,0,3,0,0
70258,0,3,0,0
70281,1,0,1,0
70282,0,2,0,0
70305,0,2,1,0
70306,0,0,2,0
70309,1,2,0,0
70313,0,1,0,0
70365,1,0,1,0
70416,0,0,1,0
70418,1,1,0,0
70425,0,3,0,0
70434,1,1,0,0
70446,0,2,0,0
70452,2,2,0,0
70459,1,1,0,0
70486,1,0,1,0
70494,0,3,0,0
70515,1,2,0,0
70516,0,2,1,0
70521,0,0,2,0
70547,0,1,2,0
70562,1,2,0,0
70576,1,0,1,0
70603,0,2,0,0
70604,0,2,0,0
70605,0,2,0,0
70619,1,1,0,0
70641,0,1,1,0
70685,2,2,0,0
70686,1,2,1,0
70687,0,0,2,0
70702,0,2,0,0
70705,0,3,0,0
70707,0,3,0,0
70708,0,0,1,0
70713,1,3,0,0
70717,2,0,1,0
70723,0,0,2,0
70754,0,3,0,0
70755,0,2,0,0
70758,0,3,0,0
70778,0,3,0,0
70779,0,4,0,0
70780,1,0,1,0
70797,0,1,0,0
70823,0,2,0,0
70838,1,0,1,0
70839,1,0,0,0
70849,0,2,1,0
70856,1,1,0,0
70912,1,3,0,0
70914,0,1,2,0
70920,2,0,0,0
70921,1,2,0,0
70922,1,2,0,0
70929,0,2,0,0
70939,0,3,0,0
70949,0,1,0,0
70960,1,0,1,0
70961,0,6,0,0
70970,1,0,1,0
70983,0,3,0,1
70993,0,4,1,0
70996,1,0,1,3
71008,0,0,1,1
71012,0,0,2,1
71034,0,0,1,0
71056,0,2,0,0
71057,0,1,1,0
71065,1,2,1,0
71067,1,1,0,0
71081,0,2,0,0
71087,0,3,0,0
71088,0,2,0,0
71131,1,0,2,0
71149,0,3,0,0
71154,0,5,0,0
71168,0,0,1,2
71174,3,0,0,1
71176,0,0,0,1
71187,0,2,1,0
71226,0,1,0,0
71232,0,0,2,1
71286,1,1,1,0
71287,1,0,2,0
71292,0,2,0,0
71310,0,0,2,0
71311,1,1,0,0
71312,0,3,0,0
71314,0,0,2,0
71322,1,0,1,0
71327,0,0,3,0
71328,1,0,0,0
71356,1,1,0,0
71366,1,0,0,0
71373,0,0,1,1
71380,2,2,0,0
71413,0,1,0,0
71416,0,0,2,1
71422,0,1,0,0
71424,0,1,0,0
71428,0,3,0,0
71440,0,1,0,1
71441,0,3,0,0
71443,1,2,0,0
71456,0,2,0,0
71460,0,2,0,0
71469,1,3,0,0
71476,0,1,1,0
71501,0,2,0,0
71505,0,1,0,0
71510,0,2,0,0
71530,0,1,0,0
71532,0,2,0,0
71534,1,1,1,0
71563,0,3,0,0
71576,1,2,0,0
71581,1,2,0,0
71640,0,3,0,0
71657,0,0,1,1
71658,0,1,0,0
71664,1,0,1,1
71682,0,3,0,0
71696,1,1,0,0
71723,1,2,0,0
71726,1,2,0,0
71746,0,2,0,0
71753,0,3,0,0
71760,0,2,2,0
71761,0,1,0,0
71766,0,2,0,0
71780,0,1,0,0
71783,1,0,1,0
71784,0,3,0,0
71791,0,1,0,0
71803,0,3,0,0
71823,0,3,0,0
71831,0,0,2,0
71841,0,3,0,0
71909,3,1,0,0
71910,1,2,0,0
71915,1,0,1,0
71946,0,2,1,0
71962,0,2,1,0
71980,2,0,1,0
71988,0,3,0,0
71994,0,0,1,1
71997,2,4,0,0
71999,0,0,3,0
72002,0,4,0,0
72004,0,0,3,0
72015,1,1,2,0
72016,0,0,2,0
72020,0,4,0,0
72024,1,1,0,0
72025,1,1,2,0
72027,1,0,1,0
72031,1,0,0,0
72046,0,2,0,0
72049,2,0,1,1
72073,0,1,0,0
72084,0,1,0,0
72093,1,0,3,0
72107,0,1,1,0
72117,0,2,0,0
72120,2,0,1,0
72129,1,2,0,0
72132,1,2,0,0
72153,1,4,0,0
72159,2,2,0,0
72164,0,0,3,0
72169,1,0,0,0
72171,0,2,0,0
72176,0,0,0,2
73840,0,0,2,0
73849,1,1,0,0
73860,0,3,0,0
73871,0,0,2,0
73875,0,2,0,0
73889,1,0,0,1
73900,0,3,0,0
73902,1,1,0,0
73906,0,1,0,0
73939,0,2,0,0
73940,2,0,1,0
73949,1,0,2,0
73955,3,0,1,0
73963,1,1,0,1
73978,0,1,0,1
73998,1,1,0,0
74010,0,0,1,0
74023,0,2,0,0
74027,0,2,0,0
74039,0,4,0,0
74065,0,2,0,0
74084,0,0,3,0
74131,1,0,2,0
74133,1,4,0,0
74149,1,0,2,0
74168,1,0,1,0
74191,1,1,0,0
74202,0,5,0,0
74210,1,0,2,0
74216,1,0,0,0
74217,0,1,0,0
74229,0,1,1,0
74237,0,2,0,0
74238,0,0,1,0
74239,0,4,0,0
74240,0,3,0,0
74244,1,1,0,0
74245,1,2,0,0
74283,3,0,2,0
74294,0,2,0,0
74305,0,1,1,0
74307,0,1,0,0
74312,0,1,3,0
74317,0,3,0,0
74326,0,5,0,0
74327,0,4,0,0
74328,0,3,0,0
74332,0,3,0,0
74333,0,3,0,0
74336,0,6,0,0
74358,3,1,0,0
74371,0,1,2,0
74374,1,0,1,1
74399,2,1,1,0
74429,3,0,0,0
74436,0,3,0,0
74453,0,0,2,0
74468,2,0,0,0
74485,0,1,0,0
74487,0,1,0,0
74489,1,1,0,0
74496,0,1,0,0
74499,0,2,0,0
74508,0,1,1,0
74509,0,2,0,0
74522,0,1,2,0
74524,0,2,0,0
74536,0,3,0,0
74537,0,3,0,0
74549,1,1,0,0
74563,2,1,1,0
74579,0,2,0,0
74591,2,1,0,0
74594,1,0,0,0
74626,0,3,0,0
74671,0,5,0,0
74674,0,0,0,1
74680,1,1,0,0
74710,0,5,0,0
74712,0,2,1,0
74722,0,1,2,0
74756,1,1,0,0
74759,0,1,0,0
74760,0,7,0,0
74761,0,3,0,0
74763,2,1,0,0
74794,0,0,1,0
74797,0,1,0,0
74800,1,0,0,1
74826,1,0,2,0
74829,2,2,0,0
74854,0,3,0,0
74866,0,1,2,0
74869,2,0,0,0
74922,1,0,1,0
74952,0,3,0,0
74955,0,2,1,0
74959,3,0,0,0
74971,0,3,0,0
74973,1,0,0,0
74975,2,1,1,0
74983,0,4,0,0
74989,0,1,0,0
74993,0,0,1,1
74994,1,0,0,0
74999,0,2,0,0
75013,2,0,0,0
75029,0,1,1,0
75044,1,1,0,0
75046,0,3,0,0
75055,0,6,0,0
75063,0,3,0,0
75078,0,5,0,0
75108,1,0,2,1
75113,0,1,0,0
75123,2,1,0,0
75139,0,0,1,2
75147,2,0,1,0
75166,1,1,0,0
75173,0,3,0,0
75177,0,0,2,0
75187,0,0,2,0
75217,0,0,3,0
75223,0,2,0,0
75235,0,4,0,0
75258,0,3,0,0
75259,0,3,0,0
75277,0,2,0,0
75297,1,0,1,0
75302,0,1,1,0
75306,0,1,0,0
75349,0,2,0,0
75350,1,2,0,0
75353,1,1,0,0
75375,1,0,0,0
75399,0,2,0,0
75402,1,1,2,0
75406,0,2,0,0
75407,1,1,0,0
75411,0,2,0,0
75429,0,3,0,0
75437,0,2,0,0
75438,0,2,0,0
75448,0,1,0,1
75452,0,0,1,0
75453,0,1,0,0
75457,0,2,0,0
75460,0,1,0,0
75465,0,5,0,0
75468,2,0,1,0
75523,1,0,1,0
75526,3,0,1,0
75530,1,1,0,0
75574,0,3,0,0
75575,1,0,0,0
75604,1,1,1,0
75606,1,1,0,0
75613,1,2,1,0
75637,3,0,1,0
75649,0,1,0,0
75662,2,0,0,0
75678,0,3,0,0
75681,0,0,2,0
75685,0,1,0,0
75689,1,1,0,0
75701,0,1,2,1
75738,0,0,2,0
75739,0,1,0,0
75740,0,1,0,0
75792,0,3,0,0
75836,0,5,0,0
75841,0,4,0,0
75850,1,2,0,0
75851,0,3,0,0
75881,0,2,0,0
75886,1,2,0,0
75888,2,2,0,0
75892,1,2,0,0
75942,1,1,1,0
75944,0,2,0,0
75956,1,0,0,0
75962,0,3,0,0
75965,2,0,0,0
75973,0,3,0,0
75991,0,3,0,0
76033,0,0,3,0
76035,1,0,1,1
76059,0,2,0,0
76060,0,1,0,0
76061,2,1,0,0
76062,0,1,0,0
76064,0,2,0,0
76117,0,4,0,0
76126,0,1,0,0
76142,0,3,0,0
76156,1,3,0,0
76196,0,1,0,0
76205,0,2,0,0
76218,2,0,1,1
76220,1,3,0,0
76223,0,6,0,0
76233,1,6,0,0
76245,1,0,0,0
76275,0,2,0,0
76294,1,1,1,0
76337,0,3,0,0
76353,0,3,0,0
76355,1,6,0,0
76373,2,0,0,0
76374,2,2,0,0
76401,0,1,2,0
76408,0,3,1,0
76409,0,2,0,0
76431,0,3,0,0
76436,0,1,1,0
76437,0,0,2,1
76441,3,0,1,0
76442,0,3,0,0
76464,0,2,0,0
76465,0,3,0,0
76477,1,0,0,1
76479,0,2,0,0
76492,0,1,1,0
76503,1,2,0,0
76510,0,0,2,0
76511,2,0,0,0
76513,0,0,2,0
76526,0,1,0,0
76543,1,1,0,0
76544,1,2,0,0
76545,0,1,2,0
76546,0,2,0,0
76547,1,0,0,2
76574,0,3,0,0
76586,0,1,0,0
76587,2,2,0,0
76588,0,2,0,0
76595,0,1,1,0
76615,0,0,2,1
76633,1,2,0,0
76638,1,2,1,0
76640,0,2,0,0
76659,0,2,0,0
76665,0,1,0,0
76676,0,0,3,0
76677,0,3,0,0
76681,1,0,1,0
76685,3,0,1,0
76687,0,2,0,0
76698,0,3,0,0
76708,0,1,0,0
76725,1,2,1,0
76729,0,3,1,0
76733,0,3,0,0
76735,2,0,1,0
76747,0,1,1,0
76749,1,0,0,0
76751,0,2,0,0
76763,0,2,0,0
76784,0,0,2,0
76799,3,1,1,0
76817,0,1,1,0
76826,0,0,2,0
76874,1,1,1,0
76876,0,0,2,1
76883,0,2,0,0
76886,0,0,2,0
76895,0,2,0,0
76896,0,1,1,0
76902,0,2,0,0
76905,0,1,1,0
76906,1,2,0,0
76909,0,3,0,0
76914,1,1,0,0
76926,1,1,0,0
76942,0,1,1,0
76950,0,0,1,0
76957,2,0,1,0
76958,2,0,1,0
76960,0,0,3,1
76962,1,0,1,0
76992,0,0,2,0
76997,2,3,0,0
76998,0,2,0,0
77004,0,3,0,0
77017,0,2,0,0
77031,1,0,3,1
77045,0,1,0,0
77054,1,0,1,0
77058,0,2,0,0
77065,1,0,1,0
77080,1,0,0,0
77098,1,0,2,0
77108,0,0,2,0
77156,0,2,0,0
77157,0,2,0,0
77162,0,0,1,0
77168,0,4,0,0
77169,0,3,0,0
77173,2,0,1,0
77182,1,0,0,0
77185,0,0,2,0
77205,0,2,0,0
77213,1,2,0,0
77252,1,1,0,0
77403,1,0,1,0
77404,0,1,0,1
77406,0,3,0,0
77425,1,0,1,0
77427,0,3,0,0
77432,2,0,1,0
77442,0,0,2,0
77457,1,1,0,0
77462,0,2,0,0
77484,2,1,0,0
77492,1,0,1,0
77515,0,3,0,0
77520,2,0,1,0
77528,0,3,0,0
77532,0,2,2,1
77543,0,3,0,0
77546,0,2,0,0
77547,1,1,0,0
77548,0,0,1,0
77550,1,2,0,0
77558,1,1,1,0
77559,0,1,0,0
77562,2,2,0,0
77564,1,0,2,1
77566,1,0,1,0
77580,1,1,1,0
77581,0,4,0,0
77592,0,2,0,0
77611,0,0,2,0
77632,3,0,0,0
77642,1,1,1,0
77644,0,2,0,0
77645,0,0,1,1
77651,2,0,0,0
77667,1,0,2,0
77669,1,0,0,0
77681,1,0,0,0
77682,0,3,0,0
77693,0,0,2,1
77705,0,2,0,0
77713,0,1,1,0
77714,1,1,0,0
77731,1,2,0,0
77738,3,1,0,0
77750,0,3,0,0
77755,1,1,1,0
77759,1,0,1,0
77760,0,3,0,0
77761,0,1,1,0
77767,0,1,1,0
77769,2,0,0,0
77772,1,0,2,0
77778,0,0,3,0
77781,0,2,0,0
77789,0,2,2,0
77791,0,3,0,0
77799,0,2,0,0
77816,0,2,0,0
77826,1,1,0,1
77850,0,0,2,0
77852,1,1,0,0
77858,0,5,0,0
77901,1,0,0,0
77913,0,3,0,0
77916,0,3,0,0
77933,0,3,0,0
77951,1,0,0,0
77955,0,2,1,0
77958,2,0,1,0
77960,0,0,2,0
77973,1,1,1,0
78018,0,0,1,0
78019,1,0,0,1
78028,1,0,1,0
78060,0,0,2,0
78063,3,0,0,0
78070,0,0,2,0
78074,1,0,1,0
78075,1,0,2,0
78102,0,0,2,0
78105,0,2,0,0
78106,1,1,0,0
78109,0,1,0,0
78113,1,1,0,0
78143,1,0,0,0
78171,0,1,0,0
78172,1,2,0,0
78178,0,1,1,0
78184,1,0,2,0
78196,1,0,3,0
78207,1,0,1,0
78213,1,0,0,0
78215,1,0,2,0
78216,0,2,0,0
78219,1,1,0,0
78220,2,1,0,0
78239,0,1,0,0
78241,1,2,0,0
78243,0,0,1,0
78275,0,0,1,0
78278,1,1,0,0
78289,2,1,0,0
78295,0,0,0,2
78301,2,0,0,0
78303,1,1,0,0
78306,1,1,1,0
78313,0,1,1,0
78314,1,1,0,0
78328,0,0,0,3
78332,0,1,2,0
78337,0,1,1,0
78338,0,3,0,0
78347,1,0,1,0
78366,0,4,0,0
78367,0,4,0,0
78368,0,5,0,0
78369,0,4,0,0
78370,0,5,0,0
78371,1,3,0,0
78372,0,5,0,0
78373,0,2,0,0
78374,0,4,0,0
78375,0,4,0,0
78389,0,1,1,0
78390,1,2,0,0
78403,0,2,0,0
78405,0,1,1,0
78406,2,0,0,0
78408,1,2,0,0
78425,1,0,0,1
78426,0,1,2,0
78452,2,0,1,0
78472,1,3,0,0
78481,0,1,1,0
78489,1,3,0,0
78501,2,0,0,0
78516,1,0,0,0
78528,0,2,1,0
78531,1,1,0,0
78536,0,1,0,0
78544,1,0,0,0
78545,0,4,0,0
78555,0,4,0,0
78579,0,3,0,0
78601,0,2,1,0
78604,1,0,1,0
78619,0,1,1,0
78621,3,0,0,0
78642,1,0,0,0
78645,1,2,0,0
78653,0,5,0,0
78656,0,7,0,0
78662,0,1,2,0
78663,0,2,0,0
78668,0,2,0,0
78669,0,2,0,0
78670,0,4,0,0
78698,2,0,2,0
78699,1,1,0,0
78705,2,0,1,0
78706,0,0,3,0
78709,0,2,0,0
78722,2,0,0,0
78724,0,3,0,0
78727,1,1,0,0
78742,0,2,0,0
78747,3,0,1,0
78749,1,2,0,1
78756,1,2,0,0
78762,0,3,0,0
78769,0,3,1,0
78779,1,1,1,0
78781,1,0,2,0
78793,0,2,0,0
78794,0,1,0,0
78819,0,2,0,0
78835,1,0,1,0
78844,0,1,3,0
78852,2,1,0,0
78860,0,2,0,0
78865,0,0,1,1
78903,0,3,1,0
78911,0,3,0,0
78927,0,1,1,0
78928,0,1,0,0
78934,0,3,1,0
78941,0,0,1,0
78946,0,1,0,0
78962,0,1,1,0
78963,1,0,0,1
78965,0,0,2,0
78969,1,1,0,0
78981,0,2,0,0
78983,0,2,0,0
78985,1,3,0,0
78988,0,3,0,0
78996,0,4,0,0
79000,1,3,0,0
79003,0,3,0,0
79005,0,4,0,0
79006,0,2,0,0
79008,0,3,0,0
79009,0,3,0,0
79010,0,2,0,0
79011,0,2,0,0
79012,0,2,0,0
79025,0,4,0,0
79050,4,0,1,0
79052,1,0,2,0
79053,1,0,2,0
79058,0,1,0,0
79069,0,3,0,0
79117,0,1,0,0
79121,0,2,0,0
79125,1,5,0,0
79132,0,2,0,0
79138,2,0,0,0
79145,1,1,1,0
79156,0,2,0,0
79186,1,1,0,0
79193,0,3,0,0
79196,0,0,2,0
79198,0,3,0,0
79206,0,0,1,1
79212,1,1,1,0
79214,0,2,0,0
79217,0,2,0,0
79218,0,1,0,0
79219,1,2,0,0
79220,0,3,0,0
79246,0,2,0,0
79248,0,0,3,0
79272,0,0,1,3
79296,1,3,0,0
79299,2,0,1,0
79329,0,2,0,0
79334,1,0,1,0
79345,1,0,2,0
79346,0,5,0,0
79347,0,1,0,0
79366,0,2,1,1
79368,0,1,0,0
79390,1,0,2,0
79401,0,3,0,0
79406,1,0,1,0
79407,0,5,0,0
79410,1,1,0,0
79412,0,3,0,0
79414,0,0,2,1
79415,1,0,2,0
79427,1,0,2,0
79430,0,0,0,2
79432,1,0,0,0
79433,0,2,0,0
79434,0,1,0,0
79491,0,1,0,0
79498,0,1,0,0
79520,2,0,1,0
79525,1,5,0,0
79528,1,0,2,0
79543,0,1,0,0
79563,0,0,1,0
79564,0,4,0,0
79565,1,1,1,0
79586,0,6,0,0
79587,0,5,1,0
79588,0,3,1,0
79589,1,5,0,0
79595,0,3,0,0
79598,0,0,0,1
79599,1,2,0,0
79607,0,2,0,0
79626,1,2,0,0
79632,1,2,2,0
79654,0,0,2,0
79660,0,2,0,0
79661,0,2,0,0
79667,0,0,2,0
79704,0,0,1,0
79729,0,0,4,0
79750,0,3,0,0
79753,0,2,0,0
79756,2,2,0,0
79782,1,3,0,0
79783,0,1,0,0
79794,1,0,0,0
79801,2,0,0,0
79804,0,1,0,0
79805,0,5,0,0
79821,0,0,2,0
79829,1,1,0,0
79851,0,1,0,0
79858,1,3,0,0
79905,0,7,0,0
79906,2,5,0,0
79916,1,1,0,0
79923,0,1,1,0
79954,0,3,0,0
79961,2,0,2,1
79964,0,3,0,0
79970,0,2,0,0
79974,0,1,1,0
79989,2,0,2,0
80027,0,2,0,0
80037,0,3,0,0
80044,0,3,0,0
80045,0,2,0,0
80051,3,0,1,0
80063,0,2,0,0
80068,0,3,0,0
80069,1,2,0,0
80070,1,1,0,0
80079,0,2,1,0
80081,0,1,2,0
80109,0,3,0,0
80112,1,2,1,0
80120,0,2,0,0
80121,0,2,0,0
80137,0,2,1,0
80142,0,2,0,0
80164,0,0,1,1
80230,0,2,0,0
80233,1,0,2,0
80235,2,3,0,0
80236,2,1,1,0
80237,0,4,0,0
80242,0,1,1,1
80253,0,1,1,0
80260,1,0,0,0
80273,0,0,0,2
80279,0,1,0,0
80280,0,2,1,0
80285,1,2,0,0
80295,0,4,0,0
80299,0,3,0,0
80302,0,3,0,0
80304,1,0,1,0
80305,0,1,0,0
80312,0,1,2,0
80313,1,1,0,0
80315,0,3,0,0
80316,3,0,0,0
80354,1,3,0,0
80361,0,3,0,0
80405,0,3,0,0
80416,0,0,1,0
80417,1,0,0,0
80419,1,1,1,0
80421,0,1,1,0
80422,0,0,1,0
80442,1,2,0,0
80451,0,2,1,0
80460,2,0,0,0
80479,0,0,3,0
80484,0,1,0,0
80486,1,3,0,0
80487,0,2,0,0
80494,1,2,0,0
80495,1,0,2,0
80524,0,4,0,0
80534,0,2,0,0
80545,2,1,0,0
80552,0,1,0,0
80554,0,2,0,0
80572,0,2,1,0
80573,0,3,0,0
80587,0,1,2,0
80591,0,0,1,2
80592,0,3,0,0
80598,0,3,0,0
80604,0,1,0,0
80614,0,0,2,0
80617,0,2,0,0
80619,2,1,0,0
80620,0,2,0,0
80621,1,2,0,0
80624,1,2,0,0
80627,0,0,2,0
80629,1,3,0,0
80631,2,1,1,0
80638,1,2,0,0
80643,1,0,1,0
80658,0,2,0,0
80659,0,3,1,0
80669,2,0,0,0
80679,1,2,0,0
80682,0,5,0,0
80742,1,2,0,0
80744,0,1,1,0
80763,2,0,0,1
80767,2,0,0,0
80773,0,3,0,0
80798,1,0,1,0
80800,0,1,0,0
80819,0,1,0,0
80820,0,1,0,0
80824,1,0,2,1
80832,1,0,2,0
80841,0,2,1,0
80861,0,2,0,0
80887,2,2,0,0
80893,0,2,0,0
80901,0,3,0,0
80925,0,2,0,0
80930,0,3,0,0
80931,0,0,1,0
80935,0,1,0,0
80937,1,1,1,0
80940,2,1,1,0
80961,0,1,0,0
80964,1,1,0,0
80974,0,2,0,0
80979,2,1,0,0
80989,2,1,0,0
80995,0,3,0,0
80996,0,2,0,0
81033,1,0,0,0
81064,0,2,0,0
81073,0,2,0,0
81077,1,3,0,0
81088,0,3,0,0
81089,0,1,2,0
81092,0,0,3,0
81094,0,4,0,0
81103,0,0,2,0
81104,0,1,0,0
81106,1,0,0,2
81114,0,1,0,0
81116,1,0,2,0
81134,1,1,0,0
81135,0,0,1,0
81140,0,1,0,0
81161,1,4,0,0
81164,0,3,0,0
81166,1,3,0,0
81167,1,1,0,0
81170,2,1,1,0
81174,1,0,1,0
81187,0,0,4,0
81202,0,3,0,0
81203,0,1,0,0
81213,0,1,0,0
81235,1,0,2,0
81244,3,0,0,0
81245,0,3,0,0
81250,1,2,0,0
81255,0,3,0,0
81258,3,0,0,0
81261,0,2,0,0
81264,0,2,0,0
81269,0,2,0,0
81271,0,1,0,0
81284,0,1,0,0
81285,0,2,0,0
81287,0,2,2,0
81290,0,1,1,0
81291,0,2,0,0
81297,1,0,0,0
81298,0,1,0,0
81302,0,1,2,0
81303,2,0,1,0
81309,0,1,3,0
81310,0,2,0,0
81316,0,0,1,0
81317,0,4,0,0
81318,2,0,1,0
81328,0,0,3,0
81341,4,0,0,0
81342,0,2,0,0
81349,1,1,0,0
81350,0,1,0,0
81355,2,2,0,0
81356,1,2,0,0
81357,0,3,0,0
81365,0,4,0,0
81368,1,2,0,0
81381,0,1,1,0
81383,0,2,1,1
81386,0,1,0,0
81409,2,0,1,0
81425,1,1,0,0
81442,1,0,0,0
81446,0,4,0,0
81453,0,3,0,0
81460,0,1,2,1
81461,1,1,0,0
81468,0,1,0,0
81471,0,1,2,0
81475,1,2,0,0
81484,1,1,0,0
81503,0,1,0,0
81508,0,0,1,0
81509,0,0,2,0
81512,0,2,0,0
81515,0,1,0,0
81518,0,2,0,0
81521,0,1,0,0
81522,1,0,1,0
81528,0,2,1,0
81539,0,2,0,0
81540,1,1,1,0
81579,2,1,1,0
81580,1,2,0,0
81588,1,4,1,0
81592,1,0,0,0
81595,1,2,0,0
81602,0,1,1,0
81606,2,1,1,0
81610,0,1,1,0
81637,0,1,0,0
81647,1,1,0,0
81651,2,0,1,1
81654,0,0,1,0
81667,0,0,1,2
81670,0,3,0,0
81674,0,0,0,1
81680,0,3,0,0
81688,0,1,0,0
81704,1,0,2,0
81707,0,2,1,0
81713,0,1,0,0
81716,1,0,1,0
81719,0,0,1,0
81756,1,1,0,0
81758,1,1,1,0
81759,1,0,1,0
81789,0,3,0,0
81796,0,3,0,0
81800,0,0,1,0
81802,0,0,1,0
81812,0,2,0,0
81815,2,0,0,0
81839,0,0,1,2
81845,0,1,0,0
81861,0,1,0,0
81862,0,2,0,0
81866,0,0,1,1
81884,1,0,1,0
81886,0,0,1,1
81887,2,0,1,0
81890,0,4,0,0
81894,0,0,3,0
81904,0,2,0,0
81919,0,1,0,0
81925,1,0,0,0
81938,0,2,0,0
81940,0,2,0,0
81956,1,0,2,0
81971,1,0,0,0
81974,1,0,0,0
81976,0,0,2,0
81978,0,1,0,2
81987,0,1,2,0
81990,1,2,1,0
82009,1,2,0,0
82022,0,0,1,0
82033,0,2,0,0
82036,2,5,0,0
82038,2,0,0,0
82041,0,2,2,0
82048,0,2,0,0
82058,1,2,0,0
82074,0,2,0,0
82089,1,0,0,0
82090,0,2,0,0
82094,0,2,0,0
82097,2,1,0,0
82100,0,3,0,0
82105,3,1,0,0
82107,0,1,0,0
82111,0,2,1,0
82113,0,2,0,0
82114,0,2,0,0
82123,1,0,0,2
82134,0,0,0,2
82141,0,1,0,0
82142,1,0,2,0
82143,1,1,0,0
82145,2,0,2,0
82176,0,4,0,0
82196,1,4,0,0
82207,1,1,0,0
82217,0,3,0,0
82218,1,1,0,0
82228,2,0,1,0
82231,1,1,1,0
82232,2,1,0,0
82259,0,2,0,0
82276,0,2,0,0
82278,0,1,0,0
82290,0,3,1,0
82315,1,2,0,0
82332,1,2,0,0
82337,1,0,0,0
82339,1,0,0,2
82340,0,4,0,0
82345,0,1,3,0
82351,0,2,0,0
82354,1,2,1,0
82361,1,0,0,2
82373,1,2,0,0
82376,3,0,0,0
82388,2,0,0,0
82394,2,1,0,0
82395,0,2,0,0
82407,0,2,0,0
82413,0,0,3,0
82416,2,1,0,0
82429,0,3,0,0
82441,0,1,0,0
82453,3,0,0,0
82466,0,2,1,0
82472,1,1,1,0
82476,0,3,0,0
82485,1,0,1,0
82538,1,1,0,0
82544,0,2,0,0
82550,0,2,0,0
82557,0,1,0,0
82563,0,1,2,0
82578,0,2,0,0
82601,0,2,0,0
82607,1,0,2,0
82635,0,2,0,0
82636,1,1,0,0
82649,0,3,0,0
82653,0,3,0,0
82655,0,1,1,0
82656,1,0,1,0
82664,1,2,0,0
82670,0,2,0,0
82677,0,3,0,0
82680,0,1,2,0
82687,0,2,0,0
82690,0,1,2,0
82700,1,1,1,0
82715,0,3,0,0
82718,0,3,0,0
82719,1,0,0,0
82721,0,3,0,0
82733,0,1,2,0
82792,0,1,0,0
82793,0,2,0,0
82803,0,4,0,0
82806,1,3,0,0
82807,0,2,0,0
82812,0,2,0,0
82821,1,0,0,0
82844,0,3,0,0
82845,0,1,0,0
82846,0,6,0,0
82847,0,5,0,0
82850,0,1,0,0
82852,0,3,0,0
82853,0,3,0,0
82854,0,1,0,0
82869,0,0,2,1
82878,1,1,0,1
82880,0,1,1,0
82890,0,1,1,0
82891,0,1,1,0
82892,1,1,0,0
82895,0,1,1,0
82897,1,0,1,0
82898,0,1,1,0
82909,1,1,1,0
82911,2,1,0,0
82926,0,1,0,0
82930,0,2,1,0
82932,0,2,0,0
82933,1,4,0,0
82934,1,0,1,0
82944,1,2,0,0
82945,0,3,0,0
82950,0,2,0,1
82955,0,3,0,0
82959,0,2,0,0
82963,1,0,1,0
82992,0,2,0,0
82994,0,2,0,0
82996,0,2,1,0
82998,0,3,0,0
83000,0,3,0,0
83005,0,3,0,0
83013,0,3,0,0
83030,0,1,0,0
83040,0,2,0,0
83041,0,2,0,0
83043,0,0,2,0
83046,0,2,1,0
83048,0,0,1,1
83073,0,2,0,0
83079,0,1,0,0
83087,0,2,0,0
83097,0,1,1,0
83098,0,2,0,0
83102,0,2,0,0
83125,1,1,0,0
83134,1,2,0,0
83135,0,0,1,1
83148,0,3,0,0
83196,0,3,0,0
83305,0,1,1,0
83316,2,0,0,0
83325,1,3,0,0
83327,0,3,0,0
83336,0,1,0,0
83351,0,0,3,0
83352,0,4,0,0
83360,1,1,0,0
83362,0,2,0,0
83365,0,1,0,0
83369,1,3,0,0
83371,0,1,0,0
83389,0,4,0,0
83394,1,1,0,0
83403,1,1,1,0
83409,0,2,0,0
83415,3,0,0,0
83423,0,0,1,0
83424,0,0,3,0
83429,0,3,0,0
83436,0,3,0,0
83439,0,3,0,0
83449,1,1,1,0
83472,0,3,1,0
83475,0,1,1,0
83476,1,1,1,1
83497,1,2,0,0
83520,0,2,0,0
83522,0,2,0,0
83524,1,1,0,0
83538,1,0,2,0
83553,0,3,0,0
83565,0,1,0,0
83566,0,1,0,0
83567,2,1,0,0
83570,0,0,0,2
83571,0,2,0,0
83572,2,0,0,0
83575,0,0,2,0
83587,0,2,0,0
83588,2,1,0,0
83589,0,0,1,1
83596,0,0,1,0
83602,0,1,0,0
83603,1,0,0,0
83605,0,1,2,0
83610,0,2,0,0
83612,0,2,2,0
83627,0,0,1,0
83633,2,0,0,0
83636,0,3,0,0
83640,1,1,0,0
83642,2,1,0,0
83643,2,1,0,0
83644,0,1,0,0
83647,0,0,1,1
83648,3,0,1,0
83655,1,2,1,0
83687,1,0,0,0
83696,0,1,0,0
83704,0,2,0,0
83708,0,1,0,0
83709,1,2,0,0
83711,0,2,0,0
83727,0,2,0,0
83744,1,0,0,0
83746,0,1,0,0
83755,0,2,0,0
83759,0,1,0,0
83769,0,1,0,0
83773,2,0,0,0
83779,0,2,1,0
83796,0,0,1,0
83799,0,0,2,1
83802,0,1,0,0
83804,1,1,0,0
83805,0,0,1,0
83808,0,0,3,1
83811,0,2,0,0
83822,3,0,0,0
83823,0,1,0,0
83824,0,3,0,0
83827,0,0,1,1
83834,2,1,0,0
83841,0,2,0,0
83843,0,2,0,0
83844,0,0,2,1
83889,0,3,1,0
83927,0,3,0,0
83930,0,2,0,0
83945,1,1,0,0
83946,0,2,0,0
83953,2,1,0,0
83968,0,1,0,0
83969,0,1,0,0
83971,0,1,0,0
83990,0,3,0,0
83995,0,1,0,0
83998,1,1,0,0
84038,1,0,2,0
84040,0,2,0,0
84065,1,0,0,0
84095,1,1,0,0
84103,2,0,0,0
84109,1,1,0,0
84165,1,0,2,0
84171,0,2,1,0
84196,1,1,0,0
84205,0,0,3,0
84256,0,2,2,0
84321,0,1,0,0
84338,1,0,0,0
84339,0,3,0,0
84340,0,2,0,0
84381,2,0,1,0
84389,0,4,0,0
84392,0,1,1,0
84393,0,0,2,0
84394,1,0,2,0
84417,1,2,0,0
84418,0,0,2,0
84445,0,1,0,0
84449,0,1,0,0
84451,0,2,0,0
84453,1,1,0,0
84469,1,0,1,0
84470,0,3,0,0
84476,0,1,0,0
84500,1,2,0,0
84517,0,4,0,0
84527,0,1,0,0
84533,1,0,1,0
84541,0,1,0,0
84543,0,1,2,0
84545,2,0,0,0
84547,1,0,1,0
84548,0,0,2,0
84551,0,1,0,0
84558,1,1,0,0
84581,1,0,1,0
84582,0,1,2,0
84587,0,0,3,0
84590,0,0,1,0
84615,1,2,0,0
84619,0,1,0,0
84625,0,2,0,0
84629,0,1,0,0
84634,2,2,0,0
84656,1,0,1,1
84657,0,2,0,0
84668,1,1,0,0
84690,0,3,0,0
84692,0,2,0,0
84697,0,1,0,0
84698,1,0,0,0
84708,1,2,0,0
84711,0,3,0,0
84715,0,3,0,0
84716,0,2,0,0
84729,0,1,0,0
84735,0,0,1,0
84740,0,1,1,0
84743,0,2,0,0
84749,0,1,0,0
84759,0,1,1,0
84770,0,2,0,0
84795,0,1,0,0
84811,0,2,0,0
84813,0,2,1,0
84843,1,0,0,0
84856,0,2,0,0
84858,1,0,0,0
84863,1,1,2,0
84865,1,1,0,0
84887,0,0,1,1
84888,1,2,0,0
84889,1,0,1,0
84892,0,1,0,0
84893,0,1,1,0
84899,0,3,0,0
84910,0,2,0,0
84911,1,1,0,0
84921,0,2,0,0
84922,0,2,0,0
84961,0,2,0,0
84971,1,1,1,0
84982,0,1,0,0
84983,0,2,0,0
85005,0,1,0,0
85007,0,1,0,0
85026,1,0,1,0
85037,1,0,0,0
85047,0,3,0,0
85051,0,3,0,0
85063,0,2,0,0
85078,0,1,0,0
85091,0,1,1,0
85095,1,1,1,0
85097,1,1,0,0
85109,2,1,1,0
85144,0,3,0,0
85156,0,1,0,0
85157,2,0,0,0
85158,0,2,0,0
85159,1,2,0,0
85160,0,1,0,0
85164,1,1,1,0
85166,1,2,1,0
85169,0,2,0,0
85170,0,2,0,0
85176,0,0,0,1
85183,2,0,0,0
85185,3,1,0,0
85186,0,1,0,0
85210,0,2,0,0
85212,0,1,0,0
85221,0,1,1,0
85224,1,1,0,0
85240,1,0,2,0
85256,1,0,0,0
85258,1,0,1,0
85271,0,1,1,0
85279,1,1,0,0
85295,1,0,1,0
85299,0,1,0,0
85307,0,1,0,0
85310,0,0,1,0
85316,1,0,0,0
85317,0,1,2,0
85319,0,1,2,0
85324,0,4,0,0
85327,1,1,1,0
85328,0,1,0,1
85333,1,2,0,0
85337,0,1,0,0
85338,2,1,0,0
85342,0,2,0,0
85350,0,1,0,0
85363,1,1,0,0
85377,2,0,0,0
85397,1,1,0,0
85407,0,0,1,0
85430,0,2,0,0
85433,0,1,0,0
85468,1,0,2,0
85480,0,3,0,0
85495,0,4,0,0
85500,2,0,1,0
85501,0,2,0,0
85518,0,3,0,0
85525,0,2,0,0
85526,0,2,0,0
85532,0,3,0,0
85541,0,1,0,0
85558,1,1,0,0
85562,0,0,1,1
85578,1,0,0,0
85582,1,0,2,0
85583,0,2,0,0
85587,0,0,1,1
85594,0,1,0,0
85601,0,2,0,0
85602,0,1,0,0
85603,0,1,0,0
85609,1,0,2,0
85655,2,1,0,0
85670,0,1,0,0
85679,0,2,0,0
85680,0,3,0,0
85682,0,2,0,0
85683,0,2,0,0
85690,0,2,1,0
85694,0,1,0,0
85696,1,3,0,0
85697,1,1,2,0
85706,1,1,0,0
85709,0,1,0,0
85713,0,1,0,0
85714,0,0,2,0
85722,0,1,0,0
85731,1,1,0,0
85739,0,0,2,0
85750,3,0,0,0
85766,1,3,0,0
85779,1,1,0,0
85781,2,0,0,0
85787,0,0,1,0
85796,1,1,1,0
85809,0,2,0,0
85824,2,0,2,0
85835,0,0,1,2
85843,1,0,2,0
85852,0,1,0,0
85856,1,0,2,0
85857,0,1,1,0
85898,0,2,0,0
85899,1,0,1,0
85908,0,0,1,0
85917,0,0,1,0
85924,1,1,1,0
85925,0,0,3,0
85927,1,2,0,0
85930,0,1,0,1
85933,0,2,0,0
85935,0,2,0,0
85936,0,2,0,0
85937,0,2,0,0
85938,0,2,0,0
85944,0,1,0,0
85945,1,0,0,0
85947,0,0,2,0
85952,0,2,1,0
85953,1,1,1,0
85955,0,0,2,1
85956,1,1,0,0
85971,0,1,0,0
85972,0,0,2,1
85986,0,0,1,1
85987,0,2,0,0
85990,0,1,1,0
86002,1,0,1,0
86013,1,0,0,0
86059,0,2,0,0
86071,0,1,0,0
86073,1,1,0,0
86074,0,2,0,0
86076,0,1,1,0
86110,0,2,0,0
86111,0,2,0,0
86116,0,3,0,0
86117,0,1,0,0
86124,0,2,0,0
86131,0,2,0,0
86133,0,2,0,0
86134,2,0,0,0
86137,0,2,0,0
86138,0,2,0,0
86144,0,3,0,0
86146,0,0,2,0
86147,1,2,0,0
86148,0,1,0,0
86149,0,1,1,0
86152,1,0,0,0
86154,1,2,0,0
86156,0,2,0,0
86158,1,2,0,0
86160,1,0,1,0
86161,1,1,0,0
86164,0,3,0,0
86166,0,0,2,0
86168,2,0,1,0
86170,1,0,0,0
86172,0,3,0,0
86180,1,0,1,0
86189,0,3,0,0
86213,0,2,0,0
86224,2,1,0,0
86231,1,2,0,0
86233,0,1,0,0
86238,0,2,0,0
86256,0,1,0,0
86261,2,0,1,0
86271,1,2,0,0
86272,0,3,0,0
86277,0,1,1,0
86282,0,1,0,0
86283,1,1,0,0
86284,2,0,1,0
86294,1,1,0,0
86296,1,0,1,0
86301,1,5,0,0
86303,0,1,1,0
86306,1,0,1,0
86330,1,2,0,0
86336,0,4,0,0
86344,0,3,0,0
86349,0,1,0,0
86354,0,1,0,0
86355,0,1,0,0
86356,2,1,0,0
86358,1,1,0,0
86359,0,0,2,0
86361,0,1,0,0
86362,0,1,0,0
86370,2,1,0,0
86371,0,1,1,0
86379,0,3,0,0
86381,1,1,0,0
86384,0,1,0,0
86385,1,0,0,0
86386,0,3,0,0
86393,1,0,0,0
86399,1,1,0,0
86404,0,1,0,0
86405,1,0,0,0
86406,0,2,0,0
86407,0,2,0,0
86409,0,2,0,0
86423,1,1,0,0
86428,1,0,0,0
86470,0,1,0,0
86471,0,0,2,1
86475,0,1,1,0
86478,0,1,0,0
86486,0,1,0,0
86490,1,1,0,0
86503,0,1,0,0
86534,0,1,0,0
86539,1,0,1,0
86545,0,0,2,0
86549,0,1,0,0
86551,0,1,0,0
86555,0,1,1,0
86561,0,2,0,0
86562,0,0,1,0
86564,1,0,1,0
86567,0,0,2,0
86568,1,1,0,0
86587,0,2,0,0
86590,0,2,0,0
86593,1,1,0,0
86629,1,2,0,0
86638,0,1,0,0
86643,1,1,1,0
86645,0,0,2,0
86647,0,0,2,2
86652,0,1,0,0
86653,0,1,0,0
86658,1,0,2,0
86659,2,0,0,0
86670,0,0,1,0
86681,0,0,2,0
86682,2,0,1,0
86692,1,0,0,0
86694,2,1,0,0
86696,0,1,0,0
86715,0,2,0,0
86718,1,0,0,0
86742,1,0,1,0
86753,0,2,0,0
86765,1,0,2,0
86766,0,1,0,0
86768,0,2,0,0
86773,1,0,1,0
86774,1,2,0,0
86777,0,2,0,0
86780,1,2,0,0
86781,0,1,0,0
86790,0,1,0,0
86798,0,1,0,0
86807,1,1,0,0
86814,0,3,0,0
86816,0,2,0,0
86829,1,0,0,0
86845,1,1,1,0
86849,0,1,0,0
86865,0,0,1,0
86868,1,0,0,0
86885,2,0,0,0
86910,0,1,1,0
86915,0,0,1,0
86921,0,2,0,0
86924,0,1,1,0
86925,0,1,0,0
86933,1,2,0,0
86960,0,2,0,0
86990,0,0,2,0
86991,0,2,0,0
86992,0,2,0,0
86994,0,2,0,0
86995,0,2,0,0
86997,1,1,0,0
87015,1,0,1,0
87021,0,2,0,0
87044,1,0,1,0
87048,0,2,0,0
87051,0,1,0,0
87059,0,2,0,0
87073,0,1,0,0
87079,0,2,0,0
87099,0,1,1,0
87106,0,0,2,1
87107,1,1,0,0
87112,0,1,0,0
87122,0,3,0,0
87123,0,0,2,0
87146,1,0,0,0
87148,0,0,2,0
87149,0,2,0,0
87154,1,1,0,0
87165,0,1,0,0
87167,1,0,1,0
87189,0,0,1,0
87200,0,3,0,0
87201,0,1,0,0
87202,0,3,0,0
87203,1,1,0,0
87209,0,1,0,0
87258,0,1,0,0
87260,0,2,0,0
87271,0,2,0,0
87272,1,0,0,0
87277,0,1,2,0
87285,0,1,1,0
87298,0,1,0,0
87309,0,1,0,0
87337,0,2,0,0
87338,2,0,0,0
87339,0,1,0,0
87344,0,1,0,0
87364,0,0,1,0
87401,0,1,0,0
87404,0,1,0,0
87413,0,1,1,0
87425,1,0,0,0
87440,1,2,0,0
87443,1,0,0,0
87447,1,0,1,0
87469,0,3,0,0
87470,1,0,0,0
87477,0,1,0,0
87482,1,0,1,0
87486,0,1,0,0
87492,0,0,1,0
87509,0,1,0,0
87510,0,2,0,0
87511,0,0,1,0
87512,0,1,0,0
87517,1,0,1,0
87537,0,2,0,0
87539,1,1,0,0
87541,0,0,1,0
87542,0,1,1,0
87551,0,1,1,0
87552,0,1,1,0
87594,0,0,1,0
87604,0,2,0,0
87609,0,2,0,0
87611,0,0,0,1
87612,0,2,0,0
87613,0,0,3,0
87615,0,3,0,0
87624,0,1,0,0
87628,0,0,1,0
87630,0,2,0,0
87631,0,1,0,0
87639,1,0,1,0
87645,0,2,0,0
87647,1,0,0,0
87648,0,1,0,0
87652,0,1,0,1
87664,1,1,1,0
87687,1,1,0,0
87693,0,1,0,0
87699,0,4,0,0
87700,1,1,0,0
87709,0,0,1,0
87714,1,0,0,0
87716,0,2,0,0
87736,0,1,0,0
87757,0,2,0,0
87761,2,1,0,0
87762,1,0,1,0
87765,0,0,1,0
87778,2,0,0,0
87780,2,0,0,0
87782,0,1,0,0
87791,0,0,1,0
87793,0,2,0,0
87795,0,1,0,0
87799,0,0,2,0
87802,0,3,0,0
87814,1,0,0,0
87858,1,0,1,0
87909,1,0,0,0
87923,1,1,0,0
87924,0,1,1,0
87927,0,1,0,0
87931,0,3,0,0
87932,1,0,0,0
87939,0,3,0,0
87942,1,1,0,0
87943,0,1,0,0
87951,0,0,2,0
87952,0,0,1,0
88058,0,1,0,0
88063,0,0,2,0
88066,0,1,0,0
88082,1,0,1,0
88085,0,1,0,0
88087,0,0,2,0
88090,0,0,1,0
88099,1,1,0,0
88100,0,1,0,0
88105,0,1,0,0
88110,1,0,0,0
88113,1,0,0,0
88115,0,2,0,0
88117,0,1,0,0
88118,1,1,0,0
88120,0,2,0,0
88128,0,1,0,0
88129,0,0,2,0
88133,0,1,0,0
88134,1,1,0,0
88139,1,0,1,0
88146,0,1,0,0
88153,0,1,0,0
88159,1,0,0,0
88202,0,1,0,0
88239,0,2,0,0
88264,0,1,1,0
88281,0,1,0,0
88302,0,1,0,0
88303,0,0,2,0
88306,0,2,0,0
88323,0,0,2,0
88324,0,1,0,0
88326,2,0,1,0
88340,1,0,1,0
88342,0,2,0,0
88347,0,1,0,0
88349,0,1,0,0
88380,0,1,0,0
88381,0,3,0,0
88382,2,0,0,0
88388,0,1,0,0
88389,0,0,0,1
88404,0,1,0,0
88428,1,0,0,0
88429,0,1,0,0
88433,0,1,0,0
88459,0,2,0,0
88461,1,2,0,0
88470,0,1,0,0
88475,0,1,0,0
88480,0,1,0,0
88488,0,0,2,0
88498,0,1,0,0
88499,0,1,0,0
88500,1,1,0,0
88505,0,1,0,0
88508,1,1,0,0
88524,0,1,1,0
88525,0,2,0,0
88539,1,0,0,0
88554,2,0,0,0
88555,1,1,0,0
88556,0,1,1,0
88574,1,1,0,0
88577,0,0,1,0
88653,1,1,0,0
88657,1,0,1,0
88675,0,1,0,0
88676,1,0,0,0
88684,0,1,0,0
88688,1,0,0,0
88690,1,0,0,0
88702,0,1,1,0
88708,0,1,0,0
88711,0,1,0,0
88712,1,0,0,0
88718,0,2,0,0
88721,0,1,0,0
88722,0,3,0,0
88723,0,0,1,0
88741,0,1,0,0
88756,1,0,3,0
88759,0,1,0,0
88760,0,2,0,0
88764,1,0,0,0
88774,0,2,0,0
88780,0,1,0,0
88792,0,3,0,0
88799,1,0,2,0
88821,0,1,0,0
88829,0,1,0,0
88831,1,1,0,0
88840,0,2,0,0
88862,0,1,0,0
88872,0,1,0,0
88873,1,2,0,0
88878,0,2,0,0
88883,0,1,0,0
88899,2,1,0,0
88910,0,2,0,0
88915,1,0,0,0
88932,0,0,1,0
88942,0,1,0,0
88954,0,2,0,0
88975,1,0,0,0
88983,0,1,0,0
89025,1,0,1,0
89027,1,0,0,0
89029,0,0,1,0
89059,0,0,1,0
89069,0,1,1,0
89070,1,0,0,1
89071,0,0,1,0
89072,1,1,1,0
89076,0,1,0,0
89080,0,2,0,0
89083,0,1,0,0
89086,1,1,0,0
89093,0,1,0,0
89104,0,1,1,0
89111,1,1,0,0
89114,1,0,0,0
89115,0,1,0,0
89127,0,0,1,0
89128,1,0,0,0
89130,0,0,2,0
89133,1,1,0,0
89138,0,1,0,0
89140,0,1,0,0
89143,0,2,0,0
89167,0,1,1,0
89188,0,2,0,0
89190,0,1,0,0
89191,0,2,0,0
89194,0,2,0,0
89196,1,0,0,0
89198,0,1,0,0
89199,0,3,0,0
89200,0,2,0,0
89201,0,3,0,0
89204,0,2,0,0
89242,2,0,0,0
89276,1,0,1,0
89292,0,1,0,0
89296,0,1,0,0
89305,0,1,0,1
89306,1,0,0,0
89315,0,0,1,0
89322,0,1,0,0
89324,0,0,1,0
89328,0,1,1,0
89335,0,1,0,0
89336,2,0,0,0
89344,0,0,1,0
89378,0,1,0,0
89386,1,0,0,0
89393,0,0,1,0
89396,1,0,0,0
89404,1,0,1,0
89416,0,2,0,0
89449,1,0,0,0
89453,1,0,1,0
89462,0,0,1,0
89475,0,1,0,0
89495,0,2,0,0
89511,0,3,0,0
89512,0,2,0,0
89515,0,2,0,0
89516,0,0,1,0
89521,0,1,0,0
89535,0,1,1,0
89544,1,0,0,0
89545,1,0,0,0
89559,1,0,0,0
89560,0,1,0,0
89567,0,1,0,0
89569,0,1,0,0
89580,1,0,0,0
89590,0,0,1,0
89594,0,1,0,0
89598,0,1,0,0
89599,0,1,0,0
89633,0,1,0,0
89640,0,1,0,0
89643,0,2,0,0
89648,1,0,0,0
89678,0,1,0,0
89686,0,1,0,0
89687,1,2,0,0
89694,0,1,0,0
89696,0,1,0,0
89701,0,2,0,0
89705,1,0,0,0
89710,1,0,0,0
89722,0,1,0,0
89723,0,1,0,0
89728,1,1,0,0
89733,0,0,1,0
89748,0,1,0,0
89749,0,1,0,0
89758,0,0,2,0
89772,0,1,0,0
89773,0,0,1,0
89775,0,1,0,0
89787,0,1,0,0
89788,0,1,0,0
89789,0,1,0,0
89790,0,1,0,0
89798,1,0,1,0
89802,0,0,2,0
89803,0,1,0,0
89826,0,0,1,0
89830,0,1,0,0
89833,0,0,2,0
89834,0,1,0,0
89839,0,1,0,0
89846,1,0,0,0
89847,1,0,0,0
89865,0,1,0,0
89900,0,1,0,0
89906,0,1,0,0
89920,0,1,0,0
89922,0,1,0,0
89927,1,1,0,0
89931,0,3,0,0
89948,0,0,1,0
89964,0,1,0,0
89968,0,1,0,0
89969,0,1,0,0
89982,1,0,1,0
89987,0,1,0,0
89988,0,2,0,0
89993,0,0,2,0
90008,0,1,0,0
90010,0,2,0,0
90015,0,1,0,0
90029,0,1,0,0
90039,1,0,0,0
90040,0,1,0,0
90041,0,2,0,0
90042,0,1,0,0
90045,0,1,0,0
90058,0,1,0,0
90060,0,1,0,0
90083,2,0,0,0
90096,0,1,0,0
90114,0,1,0,0
90119,0,1,0,0
90137,0,2,0,0
90139,1,0,0,0
90142,0,1,0,0
90147,0,1,0,0
90150,0,1,0,0
90192,0,0,1,0
90194,0,1,0,0
90195,0,1,0,0
90213,0,1,0,0
90214,1,0,0,0
90219,0,1,0,0
90221,0,0,1,0
90222,1,0,0,0
90223,1,0,0,0
90233,0,1,0,0
90234,0,1,0,0
90236,1,1,0,0
90238,0,0,1,0
90239,1,0,0,0
90240,0,1,0,0
90255,0,2,0,0
90256,1,0,0,0
90268,0,3,0,0
90269,0,2,0,0
90272,0,0,1,0
90273,0,2,0,0
90281,0,1,0,0
90285,0,1,0,0
90288,1,0,0,0
90310,0,2,0,0
90313,0,1,0,0
90315,1,0,0,0
90316,0,1,0,0
90330,0,1,0,0
90341,0,1,0,0
90342,0,2,0,0
90343,0,1,0,0
90344,0,1,0,0
90345,0,1,0,0
90352,0,1,0,0
90378,0,1,0,0
90379,0,2,0,0
90408,0,0,2,0
90409,0,2,0,0
90417,0,1,0,0
90427,0,1,0,0
90428,0,0,1,0
90433,0,1,0,0
90436,0,1,0,0
90437,0,1,0,0
90439,0,1,0,0
90441,0,1,0,0
90448,1,0,1,0
90449,0,0,1,0
90450,0,1,0,0
90460,0,0,1,0
90461,1,0,0,0
90464,0,1,0,0
90470,0,1,0,0
90486,0,1,0,0
90487,1,0,1,0
90501,0,1,0,0
90503,0,0,1,0
90510,0,0,0,1
90511,1,0,0,0
90514,1,0,0,0
90520,0,1,0,0
90523,0,1,0,0
90525,0,0,1,0
90536,0,0,1,0
90564,0,1,0,0
90566,0,1,0,0
90568,0,0,1,0
90580,0,1,0,0
90581,1,0,0,0
90583,0,1,0,0
90588,1,0,0,0
90593,1,0,0,0
90603,1,0,0,0
90604,0,0,1,0
90605,0,2,0,0
90643,1,0,0,0
90672,0,1,0,0
90685,0,1,0,0
90705,0,1,0,0
90708,0,0,1,0
90709,1,0,0,0
90710,0,0,1,0
90711,1,0,0,0
90733,0,1,0,0
90758,0,1,0,0
90760,0,2,0,0
90772,0,1,0,0
90792,0,1,0,0
90800,0,1,0,0
90801,0,1,0,0
90810,0,1,0,0
90813,0,1,0,0
90817,0,1,0,0
90818,0,1,0,0
90831,0,1,0,0
90837,0,0,1,0
90840,1,0,0,0
90862,0,1,0,0
90874,0,0,1,0
90878,0,1,0,0
90881,0,1,0,0
90895,1,0,0,0
90896,0,2,0,0
90914,0,1,0,0
90917,0,1,0,0
90925,0,1,0,0
90929,0,1,0,0
90930,0,1,0,0
90934,0,1,0,0
90939,1,0,0,0
90941,0,0,1,0
90945,0,0,1,0
90950,1,0,0,0
90951,1,0,0,0
90971,1,0,0,0
90974,0,1,0,0
90976,0,1,0,0
90977,0,2,0,0
90989,0,2,0,0
90990,0,2,0,0
90991,0,1,0,0
91013,0,0,1,0
91015,0,1,0,0
91017,0,1,0,0
91019,0,1,0,0
91028,0,0,1,0
91035,0,0,1,0
91038,0,1,0,0
91041,1,0,0,0
91042,0,2,0,0
91067,0,1,0,0
91074,0,1,0,0
91075,0,1,0,0
91076,0,1,0,0
91077,0,1,0,0
91078,0,1,0,0
91106,0,1,0,0
91133,0,2,0,0
91134,0,2,0,0
91153,0,0,1,0
91155,0,2,0,0
91157,1,0,0,0
91160,0,1,0,0
91166,0,1,0,0
91170,0,1,0,0
91176,0,0,1,0
91189,0,1,0,0
91195,0,1,0,0
91199,1,1,0,0
91205,0,1,0,0
91210,1,0,0,0
91232,0,1,0,0
91236,0,1,0,0
91244,0,1,0,0
91245,1,0,0,0
91247,0,1,0,0
91249,0,1,0,0
91253,0,0,1,0
91273,0,1,0,0
91276,0,1,0,0
91282,0,1,0,0
91287,1,0,0,0
91289,1,0,0,0
91298,0,1,0,0
91300,0,1,0,0
91303,0,1,0,0
91313,0,0,1,0
91330,0,0,1,0
91331,1,0,0,0
91334,1,0,0,0
91340,0,0,1,0
91361,0,1,0,0
91390,0,0,2,0
91405,1,0,0,0
91426,0,1,0,0
91428,1,0,0,0
91448,0,2,0,0
91453,1,0,0,0
91459,0,1,1,0
91465,0,0,1,0
91473,0,1,0,0
91480,1,0,0,0
91483,0,1,0,0
91485,1,0,0,0
91486,0,1,0,0
91501,0,1,0,0
91503,0,1,0,0
91531,1,0,0,0
91561,0,0,1,0
91564,0,3,0,0
91571,1,0,0,0
91572,0,1,0,0
91574,0,1,0,0
91577,1,0,0,0
91615,0,1,0,0
91619,0,1,0,0
91715,0,1,0,0
91717,1,0,0,0
91741,0,1,0,0
91754,0,1,0,0
91762,1,0,0,0
91771,1,0,0,0
91796,0,1,0,0
91802,0,1,0,0
91808,0,1,0,0
91817,0,1,0,0
91823,0,1,0,0
91828,0,0,1,0
91829,0,2,0,0
91830,1,0,0,0
91832,0,1,0,0
91843,0,0,1,0
91845,0,1,0,0
91848,0,1,0,0
91852,0,1,0,0
91853,1,1,0,0
91873,1,0,0,0
91874,0,1,0,0
91878,1,0,0,0
91907,0,1,0,0
91911,0,0,1,0
91917,1,0,0,0
91934,0,1,0,0
91954,0,0,1,0
91977,0,1,0,0
91979,0,1,0,0
91986,0,1,0,0
91989,0,1,0,0
91999,1,0,0,0
92022,0,2,0,0
92042,0,1,0,0
92049,0,0,1,0
92050,0,1,0,0
92067,0,0,1,0
92068,0,1,0,0
92075,0,1,0,0
92095,0,1,0,0
92099,0,1,0,0
92102,0,1,0,0
92110,1,0,0,0
92116,0,1,0,0
92127,0,1,0,0
92151,0,1,0,0
92154,0,1,0,0
92171,0,1,0,0
92173,0,1,0,0
92174,0,1,0,0
92187,1,0,0,0
92198,0,1,0,0
92199,0,1,0,0
92200,0,1,0,0
92201,0,1,0,0
92233,0,1,0,0
92252,0,1,0,0
92253,0,1,0,0
92283,1,0,0,0
92287,0,1,0,0
92301,0,1,0,0
92352,0,0,1,0
92382,1,0,0,0
92384,0,1,0,0
92387,0,1,0,0
92393,0,1,0,0
92405,0,1,0,0
92409,0,1,0,0
92426,0,1,0,0
92427,0,1,0,0
92428,0,1,0,0
92438,0,0,1,0
92444,0,1,0,0
92449,0,1,0,0
92453,0,0,1,0
92475,0,1,0,0
92476,0,1,0,0
92477,0,1,0,0
92479,0,1,0,0
92530,0,1,0,0
92555,0,1,0,0
92563,0,1,0,0
92568,0,1,0,0
92576,0,1,0,0
92584,1,0,0,0
92592,0,0,0,1
92600,0,1,0,0
92611,1,0,0,0
92632,0,1,0,0
92659,0,1,0,0
92662,2,0,0,0
92670,0,1,0,0
92676,0,1,0,0
92707,0,1,0,0
92709,0,1,0,0
92749,0,0,1,0
92751,0,0,1,0
92755,0,1,0,0
92766,0,1,0,0
92767,1,0,0,0
92780,1,0,0,0
92785,0,1,0,0
92812,1,0,0,0
92825,1,0,0,0
92844,1,0,0,0
92907,0,1,0,0
92925,0,1,0,0
92939,1,0,0,0
92955,0,1,0,0
92982,0,3,0,0
92996,0,1,0,0
93022,0,1,0,0
93023,0,1,0,0
93050,0,1,0,0
93063,0,1,0,0
93072,1,0,0,0
93073,0,1,0,0
93097,0,1,0,0
93116,0,1,0,0
93145,0,1,0,0
93150,0,0,1,0
93186,0,1,0,0
93189,1,0,0,0
93193,0,1,0,0
93197,0,1,0,0
93223,0,1,0,0
93234,1,0,0,0
93240,0,1,0,0
93243,1,0,0,0
93244,0,1,0,0
93289,0,0,1,0
93297,0,1,0,0
93352,0,1,0,0
93361,1,0,0,0
93390,0,1,0,0
93423,0,1,0,0
93431,1,0,0,0
93448,0,1,0,0
93465,0,1,0,0
93492,0,1,0,0
93500,0,1,0,0
93532,0,1,0,0
93533,0,1,0,0
93536,0,1,0,0
93549,0,1,0,0
93615,1,0,0,0
93617,1,0,0,0
93815,0,1,0,0
93912,0,1,0,0
93957,0,1,0,0
93959,0,1,0,0
93968,0,1,0,0
93969,0,1,0,0
93977,0,1,0,0
94012,1,1,0,0
94133,0,1,0,0
94142,0,1,0,0
94189,0,1,0,0
94231,0,0,1,0
